title,author,year,cover_id,work_key,cover_url,description,subjects,content
Dark Psychology,Modern Psychology Publishing,2017.0,13262384.0,/works/OL30150379W,https://covers.openlibrary.org/b/id/13262384-M.jpg,"Have you ever felt manipulated or taken advantage of? Have you ever fallen victim to someone’s chairisma only to realize later that you had been scammed or ripped off?
People are manipulated every single day, and the crazy thing is that most of the time they aren’t even aware of it. Subliminal messages, hypnotic trance inductions, and mass psychological brainwashing are just some of the techniques that are ceaselessly employed to the advantage of these manipulators.


….And with the news, social media, and advanced advertising techniques, you can be sure that someone is almost always trying to manipulate you for their benefit.


But not only can you learn EXACTLY what these techniques are and how they work on your psychology...


...But by learning about these tactics you can actually use them to your advantage for greater persuasive power and social influence.","Psychology, Human behavior, Manipulation, Persuasion, Mind control, NLP, Deception, Gaslighting, Narcissism, Psychopathy, Sociopathy","Dark Psychology Modern Psychology Publishing Have you ever felt manipulated or taken advantage of? Have you ever fallen victim to someone’s chairisma only to realize later that you had been scammed or ripped off?
People are manipulated every single day, and the crazy thing is that most of the time they aren’t even aware of it. Subliminal messages, hypnotic trance inductions, and mass psychological brainwashing are just some of the techniques that are ceaselessly employed to the advantage of these manipulators.


….And with the news, social media, and advanced advertising techniques, you can be sure that someone is almost always trying to manipulate you for their benefit.


But not only can you learn EXACTLY what these techniques are and how they work on your psychology...


...But by learning about these tactics you can actually use them to your advantage for greater persuasive power and social influence. Psychology, Human behavior, Manipulation, Persuasion, Mind control, NLP, Deception, Gaslighting, Narcissism, Psychopathy, Sociopathy"
Dream Psychology,Sigmund Freud,2017.0,13180633.0,/works/OL29743214W,https://covers.openlibrary.org/b/id/13180633-M.jpg,"The Interpretation of Dreams is a book by Sigmund Freud. The first edition was first published in German in November 1899 as Die Traumdeutung (though post-dated as 1900 by the publisher). The publication inaugurated the theory of Freudian dream analysis, which activity Freud famously described as ""the royal road to the understanding of unconscious mental processes"".","Psychology, psychoanalysis, dreams, dream interpretation, unconscious mind, repressed desires, sexuality, symbolism, interpretation, meaning","Dream Psychology Sigmund Freud The Interpretation of Dreams is a book by Sigmund Freud. The first edition was first published in German in November 1899 as Die Traumdeutung (though post-dated as 1900 by the publisher). The publication inaugurated the theory of Freudian dream analysis, which activity Freud famously described as ""the royal road to the understanding of unconscious mental processes"". Psychology, psychoanalysis, dreams, dream interpretation, unconscious mind, repressed desires, sexuality, symbolism, interpretation, meaning"
Educational psychology,"Anita Woolfolk Hoy, Philip H. Winne, Nancy E. Perry, Beth Popiel",1987.0,137962.0,/works/OL2651233W,https://covers.openlibrary.org/b/id/137962-M.jpg,"A text to provide beginning teachers with the tools and inspiration to become masters of their profession. Includes examples, lesson segments, case studies, and practical ideas from experienced teachers.","Educational psychology, Textbooks, Manuels, Psychology textbooks, Humanities textbooks, open_syllabus_project, Teaching, Psychopédagogie, 81.50 educational psychology: general, Onderwijspsychologie, Pädagogische Psychologie, Learning, psychology of","Educational psychology Anita Woolfolk Hoy, Philip H. Winne, Nancy E. Perry, Beth Popiel A text to provide beginning teachers with the tools and inspiration to become masters of their profession. Includes examples, lesson segments, case studies, and practical ideas from experienced teachers. Educational psychology, Textbooks, Manuels, Psychology textbooks, Humanities textbooks, open_syllabus_project, Teaching, Psychopédagogie, 81.50 educational psychology: general, Onderwijspsychologie, Pädagogische Psychologie, Learning, psychology of"
Flow,Mihaly Csikszentmihalyi,1990.0,11041932.0,/works/OL278571W,https://covers.openlibrary.org/b/id/11041932-M.jpg,"Psychologist Mihaly Csikszentmihalyi's famous investigations of ""optimal experience"" have revealed that what makes an experience genuinely satisfying is a state called *flow*. During flow, people typically experience deep enjoyment, creativity, and a total involvement with life. In this new edition of his groundbreaking classic work, Csikszentmihalyi demonstrates the ways this positive state can be controlled, not just left to chance. *Flow: The Psychology of Optimal Experience* teaches how, by ordering the information that enters our consciousness, we can discover true happiness and greatly improve the quality of our lives.","Nonfiction, Psychology, Lebensfreude, Flow-Erlebnis, Attention, Happiness, Flow, General, Développement personnel, Psychologie, Personnalité, Atención, Felicidad, Self-actualization (Psychology), Bonheur, Conduct of life, Bf575.h27 c85 1990, Bf 575.h27 c958 1990, 155.2","Flow Mihaly Csikszentmihalyi Psychologist Mihaly Csikszentmihalyi's famous investigations of ""optimal experience"" have revealed that what makes an experience genuinely satisfying is a state called *flow*. During flow, people typically experience deep enjoyment, creativity, and a total involvement with life. In this new edition of his groundbreaking classic work, Csikszentmihalyi demonstrates the ways this positive state can be controlled, not just left to chance. *Flow: The Psychology of Optimal Experience* teaches how, by ordering the information that enters our consciousness, we can discover true happiness and greatly improve the quality of our lives. Nonfiction, Psychology, Lebensfreude, Flow-Erlebnis, Attention, Happiness, Flow, General, Développement personnel, Psychologie, Personnalité, Atención, Felicidad, Self-actualization (Psychology), Bonheur, Conduct of life, Bf575.h27 c85 1990, Bf 575.h27 c958 1990, 155.2"
Psychology,Wayne Weiten,1989.0,363719.0,/works/OL90044W,https://covers.openlibrary.org/b/id/363719-M.jpg,"Weiten's PSYCHOLOGY: THEMES AND VARIATIONS, 11th Edition immerse you in the excitement of this fascinating field while helping you study and retain what you learn. Filled with practical ways that you can apply psychology to your everyday life, this bestselling textbook is an experience in learning that you'll remember long after you complete your Introductory Psychology course. Critical Thinking Applications in every chapter give you specific strategies you can apply in all of your courses and in your personal life. Reality Checks, many of which may surprise you, address common misconceptions about psychology. Every chapter of this book offers tools -- such as Concept Charts that provide colorful visual snapshots of key points -- to help you focus on what's important, showing you how to maximize your study time and course success.","Psychology, Textbooks, Psychology textbooks, Psychologie, Humanities textbooks, Charts, diagrams, Problems, exercises, Study and teaching, Psykologi","Psychology Wayne Weiten Weiten's PSYCHOLOGY: THEMES AND VARIATIONS, 11th Edition immerse you in the excitement of this fascinating field while helping you study and retain what you learn. Filled with practical ways that you can apply psychology to your everyday life, this bestselling textbook is an experience in learning that you'll remember long after you complete your Introductory Psychology course. Critical Thinking Applications in every chapter give you specific strategies you can apply in all of your courses and in your personal life. Reality Checks, many of which may surprise you, address common misconceptions about psychology. Every chapter of this book offers tools -- such as Concept Charts that provide colorful visual snapshots of key points -- to help you focus on what's important, showing you how to maximize your study time and course success. Psychology, Textbooks, Psychology textbooks, Psychologie, Humanities textbooks, Charts, diagrams, Problems, exercises, Study and teaching, Psykologi"
Abnormal Psychology,"Gerald C. Davison, John M. Neale, Ann M. Kring",1974.0,301725.0,/works/OL2680118W,https://covers.openlibrary.org/b/id/301725-M.jpg,"ABNORMAL PSYCHOLOGY: AN INTEGRATIVE APPROACH, Eighth Edition, is the perfect text to help you succeed in your abnormal psychology course! The authors -- all internationally recognized experts in the field -- show you how psychological disorders are rooted in multiple factors: biological, psychological, cultural, social, familial, and even political. You can test your understanding of topics with the text's built-in concept checks and chapter quizzes.","Psychopathology, Psychopathologie, Psychology textbooks, Psicopatología, Textbooks, Psychologie pathologique, Humanities textbooks, Psychology, Pathological, Mental Disorders, Pathological Psychology, Abnormal psychology, Psychiatry, Psychotherapy, Einfuhrung, Abweichendes Verhalten, Psychologie, Psychologie clinique, 44.91 psychiatry, psychopathology, Einführung, Psychology, pathological, case studies, Psychiatry, case studies","Abnormal Psychology Gerald C. Davison, John M. Neale, Ann M. Kring ABNORMAL PSYCHOLOGY: AN INTEGRATIVE APPROACH, Eighth Edition, is the perfect text to help you succeed in your abnormal psychology course! The authors -- all internationally recognized experts in the field -- show you how psychological disorders are rooted in multiple factors: biological, psychological, cultural, social, familial, and even political. You can test your understanding of topics with the text's built-in concept checks and chapter quizzes. Psychopathology, Psychopathologie, Psychology textbooks, Psicopatología, Textbooks, Psychologie pathologique, Humanities textbooks, Psychology, Pathological, Mental Disorders, Pathological Psychology, Abnormal psychology, Psychiatry, Psychotherapy, Einfuhrung, Abweichendes Verhalten, Psychologie, Psychologie clinique, 44.91 psychiatry, psychopathology, Einführung, Psychology, pathological, case studies, Psychiatry, case studies"
The Psychology of Money,Morgan Housel,2020.0,10389354.0,/works/OL21640039W,https://covers.openlibrary.org/b/id/10389354-M.jpg,"Timeless lessons on wealth, greed, and happiness doing well with money isn’t necessarily about what you know. It’s about how you behave. And behavior is hard to teach, even to really smart people. How to manage money, invest it, and make business decisions are typically considered to involve a lot of mathematical calculations, where data and formulae tell us exactly what to do. But in the real world, people don’t make financial decisions on a spreadsheet. They make them at the dinner table, or in a meeting room, where personal history, your unique view of the world, ego, pride, marketing, and odd incentives are scrambled together. In the psychology of money, the author shares 19 short stories exploring the strange ways people think about money and teaches you how to make better sense of one of life’s most important matters.","Money, Consumption (Economics), Quality of life, Attitude change, Accounting, Ethics, Self-help techniques, Psychology, Finance, Personal, Satisfaction, Wealth, management, Psychological aspects, Wealth, Personal Finance, Financial literacy, Management, Richesse, BUSINESS & ECONOMICS, Investing, Money Management, Investments & Securities, General","The Psychology of Money Morgan Housel Timeless lessons on wealth, greed, and happiness doing well with money isn’t necessarily about what you know. It’s about how you behave. And behavior is hard to teach, even to really smart people. How to manage money, invest it, and make business decisions are typically considered to involve a lot of mathematical calculations, where data and formulae tell us exactly what to do. But in the real world, people don’t make financial decisions on a spreadsheet. They make them at the dinner table, or in a meeting room, where personal history, your unique view of the world, ego, pride, marketing, and odd incentives are scrambled together. In the psychology of money, the author shares 19 short stories exploring the strange ways people think about money and teaches you how to make better sense of one of life’s most important matters. Money, Consumption (Economics), Quality of life, Attitude change, Accounting, Ethics, Self-help techniques, Psychology, Finance, Personal, Satisfaction, Wealth, management, Psychological aspects, Wealth, Personal Finance, Financial literacy, Management, Richesse, BUSINESS & ECONOMICS, Investing, Money Management, Investments & Securities, General"
Influence,Robert B. Cialdini,1983.0,431011.0,/works/OL3902892W,https://covers.openlibrary.org/b/id/431011-M.jpg,"Influence, the classic book on persuasion, explains the psychology of why people say ""yes""—and how to apply these understandings. Dr. Robert Cialdini is the seminal expert in the rapidly expanding field of influence and persuasion. His thirty-five years of rigorous, evidence-based research along with a three-year program of study on what moves people to change behavior has resulted in this highly acclaimed book.

You'll learn the six universal principles, how to use them to become a skilled persuader—and how to defend yourself against them. Perfect for people in all walks of life, the principles of Influence will move you toward profound personal change and act as a driving force for your success.

Some images that appeared in the print edition of this book are unavailable in the electronic edition due to rights reasons.","Compliance, Influence (Psychology), Nonfiction, Persuasion (Psychology), Self-Improvement, Persuasion (Psychologie), Influence (Psychologie), Sociale beïnvloeding, Overreding, Complaisance, Communication, Psychological aspects, Beeinflussung, Psychologie, Psychology, Beïnvloeding, Psychologische aspecten, Persuasão, Influências inter-pessoais, Personal growth, Psychology - theory, History & research, Marketing & sales, Bf774 .c53 2009, 153.8/52, Persuasive communication, Bf774 .c53 2001, Bf 774 c565 2001","Influence Robert B. Cialdini Influence, the classic book on persuasion, explains the psychology of why people say ""yes""—and how to apply these understandings. Dr. Robert Cialdini is the seminal expert in the rapidly expanding field of influence and persuasion. His thirty-five years of rigorous, evidence-based research along with a three-year program of study on what moves people to change behavior has resulted in this highly acclaimed book.

You'll learn the six universal principles, how to use them to become a skilled persuader—and how to defend yourself against them. Perfect for people in all walks of life, the principles of Influence will move you toward profound personal change and act as a driving force for your success.

Some images that appeared in the print edition of this book are unavailable in the electronic edition due to rights reasons. Compliance, Influence (Psychology), Nonfiction, Persuasion (Psychology), Self-Improvement, Persuasion (Psychologie), Influence (Psychologie), Sociale beïnvloeding, Overreding, Complaisance, Communication, Psychological aspects, Beeinflussung, Psychologie, Psychology, Beïnvloeding, Psychologische aspecten, Persuasão, Influências inter-pessoais, Personal growth, Psychology - theory, History & research, Marketing & sales, Bf774 .c53 2009, 153.8/52, Persuasive communication, Bf774 .c53 2001, Bf 774 c565 2001"
Psychology,Robert A. Baron,1977.0,1146622.0,/works/OL2661659W,https://covers.openlibrary.org/b/id/1146622-M.jpg,,"Psychology, Textbooks, Psychology textbooks, Psychologie, Humanities textbooks, Behavior, Einfuhrung","Psychology Robert A. Baron  Psychology, Textbooks, Psychology textbooks, Psychologie, Humanities textbooks, Behavior, Einfuhrung"
The world of psychology,"Samuel E. Wood, Ellen Green Wood, Denise Boyd, Wood, Ellen R. Green Wood, WOOD WOOD, Ellen Wood",1992.0,15170540.0,/works/OL103858W,https://covers.openlibrary.org/b/id/15170540-M.jpg,,"Psychology, Textbooks, Psychology textbooks, Psychologie, Humanities textbooks, Biology and behavior, Psychological research, Child development, Health and stress, Sexuality, Memory, Therapies, Personality, Racism","The world of psychology Samuel E. Wood, Ellen Green Wood, Denise Boyd, Wood, Ellen R. Green Wood, WOOD WOOD, Ellen Wood  Psychology, Textbooks, Psychology textbooks, Psychologie, Humanities textbooks, Biology and behavior, Psychological research, Child development, Health and stress, Sexuality, Memory, Therapies, Personality, Racism"
The psychology of money,Henry Clay Lindgren,1991.0,6694177.0,/works/OL2780331W,https://covers.openlibrary.org/b/id/6694177-M.jpg,,"Psychological aspects of Money, Textbooks, Money, Psychology textbooks, Monnaie, Aspect psychologique, Psychologie, Geld, Psychological aspects, Humanities textbooks","The psychology of money Henry Clay Lindgren  Psychological aspects of Money, Textbooks, Money, Psychology textbooks, Monnaie, Aspect psychologique, Psychologie, Geld, Psychological aspects, Humanities textbooks"
Psychology,"Carole Wade, Carol Tavris",1987.0,6807843.0,/works/OL15844725W,https://covers.openlibrary.org/b/id/6807843-M.jpg,,"Textbooks, Psychologie, Psychology, Psicologia, Detective and mystery stories, Internet","Psychology Carole Wade, Carol Tavris  Textbooks, Psychologie, Psychology, Psicologia, Detective and mystery stories, Internet"
Introduction to Psychology,"Clifford Thomas Morgan, Richard A. King, John R. Wiesz, John Schopler",1956.0,9120645.0,/works/OL5098994W,https://covers.openlibrary.org/b/id/9120645-M.jpg,"In this Seventh Edition this have attempted to bring readers up-to-date, an ongoing challenge in our rapidly changing discipline. psychology, like other areas of Knowledge, has its classic theories and studies which from the basis for the much current work. Students should Know about these, too, and we have not negelected them. there is no change, but there is continuity as well.","Psychology, Psychologie, Einführung","Introduction to Psychology Clifford Thomas Morgan, Richard A. King, John R. Wiesz, John Schopler In this Seventh Edition this have attempted to bring readers up-to-date, an ongoing challenge in our rapidly changing discipline. psychology, like other areas of Knowledge, has its classic theories and studies which from the basis for the much current work. Students should Know about these, too, and we have not negelected them. there is no change, but there is continuity as well. Psychology, Psychologie, Einführung"
Feminine Psychology,Karen Horney,1967.0,248756.0,/works/OL98942W,https://covers.openlibrary.org/b/id/248756-M.jpg,"""Because the role of woman as a contributing member of society comes increasingly under scrutiny, Karen Horney's thoughts and theories about feminine psychology are particularly relevant to our day. In this new collection of papers, many previously unavailable in English, Karen Horney brings to the subject of femininity both profound knowledge of women and dedicated skill as a therapist. As a psychoanalytic pioneer who trained at the Berlin Psychoanalytic Institute in the 1920's, Dr. Horney began to question certain of Freud's theories, especially his libido theory, which her own careful clinical observations seems to contradict. At the same time her reading in anthropology strengthened her feeling that an organism's behavior is determined culturally as well as biologically. A male-oriented, materialistic society, such as the one into which Freud was born, would evolve theories of separate male and female psychologies. In such a society a woman's outlook on life would appear to be determined by her envy of the male sex organ. According to Dr. Horney, what woman really envies are masculine attributes and the opportunities society offers more readily to men. In this book her discussion of such subjects as frigidity, the problem of monogamy, maternal conflicts, feminine masochism, and the neurotic need for love offers valuable insights into the problems confronting women today - the problesm taht they bring to psychiatrists, marriage counselors, and clergymen.""--Publisher's description.","Sex (psychology), Women, psychology, Women, Psychology, Textbooks, Sex Behavior, Psychology textbooks, Humanities textbooks, Sexual Behavior, Femmes, Sexe (Psychologie), Psychologie","Feminine Psychology Karen Horney ""Because the role of woman as a contributing member of society comes increasingly under scrutiny, Karen Horney's thoughts and theories about feminine psychology are particularly relevant to our day. In this new collection of papers, many previously unavailable in English, Karen Horney brings to the subject of femininity both profound knowledge of women and dedicated skill as a therapist. As a psychoanalytic pioneer who trained at the Berlin Psychoanalytic Institute in the 1920's, Dr. Horney began to question certain of Freud's theories, especially his libido theory, which her own careful clinical observations seems to contradict. At the same time her reading in anthropology strengthened her feeling that an organism's behavior is determined culturally as well as biologically. A male-oriented, materialistic society, such as the one into which Freud was born, would evolve theories of separate male and female psychologies. In such a society a woman's outlook on life would appear to be determined by her envy of the male sex organ. According to Dr. Horney, what woman really envies are masculine attributes and the opportunities society offers more readily to men. In this book her discussion of such subjects as frigidity, the problem of monogamy, maternal conflicts, feminine masochism, and the neurotic need for love offers valuable insights into the problems confronting women today - the problesm taht they bring to psychiatrists, marriage counselors, and clergymen.""--Publisher's description. Sex (psychology), Women, psychology, Women, Psychology, Textbooks, Sex Behavior, Psychology textbooks, Humanities textbooks, Sexual Behavior, Femmes, Sexe (Psychologie), Psychologie"
The Housemaid,Freida McFadden,2022.0,15105883.0,/works/OL27729743W,https://covers.openlibrary.org/b/id/15105883-M.jpg,"Every day I clean the Winchesters' beautiful house top to bottom. I collect their daughter from school. And I cook a delicious meal for the whole family before heading up to eat alone in my tiny room on the top floor.

I try to ignore how Nina makes a mess just to watch me clean it up. How she tells strange lies about her own daughter. And how her husband Andrew seems more broken every day. But as I look into Andrew's handsome brown eyes, so full of pain, it's hard not to imagine what it would be like to live Nina's life. The walk-in closet, the fancy car, the perfect husband.

I only try on one of Nina's pristine white dresses once. Just to see what it's like. But she soon finds out... and by the time I realize my attic bedroom door only locks from the outside, it's far too late.

But I reassure myself: the Winchesters don't know who I really am.

They don't know what I'm capable of . . .","nyt:trade-fiction-paperback=2023-05-14, New York Times bestseller, Thriller, Mystery, Fiction, Mystery Thriller, Suspense, Crime, Psychological Thriller, Series:The-Housemaid, Contemporary, Romance, Fiction, thrillers, domestic, Fiction, thrillers, psychological, Fiction, thrillers, suspense","The Housemaid Freida McFadden Every day I clean the Winchesters' beautiful house top to bottom. I collect their daughter from school. And I cook a delicious meal for the whole family before heading up to eat alone in my tiny room on the top floor.

I try to ignore how Nina makes a mess just to watch me clean it up. How she tells strange lies about her own daughter. And how her husband Andrew seems more broken every day. But as I look into Andrew's handsome brown eyes, so full of pain, it's hard not to imagine what it would be like to live Nina's life. The walk-in closet, the fancy car, the perfect husband.

I only try on one of Nina's pristine white dresses once. Just to see what it's like. But she soon finds out... and by the time I realize my attic bedroom door only locks from the outside, it's far too late.

But I reassure myself: the Winchesters don't know who I really am.

They don't know what I'm capable of . . . nyt:trade-fiction-paperback=2023-05-14, New York Times bestseller, Thriller, Mystery, Fiction, Mystery Thriller, Suspense, Crime, Psychological Thriller, Series:The-Housemaid, Contemporary, Romance, Fiction, thrillers, domestic, Fiction, thrillers, psychological, Fiction, thrillers, suspense"
The principles of psychology,William James,1890.0,5815742.0,/works/OL1502064W,https://covers.openlibrary.org/b/id/5815742-M.jpg,"The Principles of Psychology is a monumental text in the history of psychology, written by William James and published in 1890. There were four methods in James' psychology: analysis (i.e. the logical criticism of precursor and contemporary views of the mind), introspection (i.e. the psychologist's study of his own states of mind), experiment (e.g. in hypnosis or neurology), and comparison (the use of statistical means to distinguish norms from anomalies).",Psychology,"The principles of psychology William James The Principles of Psychology is a monumental text in the history of psychology, written by William James and published in 1890. There were four methods in James' psychology: analysis (i.e. the logical criticism of precursor and contemporary views of the mind), introspection (i.e. the psychologist's study of his own states of mind), experiment (e.g. in hypnosis or neurology), and comparison (the use of statistical means to distinguish norms from anomalies). Psychology"
Games People Play,Eric Berne,1964.0,8281189.0,/works/OL1593567W,https://covers.openlibrary.org/b/id/8281189-M.jpg,"Games People Play (1964) explores the fascinating and bizarre world of psychological games, where players unconsciously manipulate each other into acting in alienating and self-destructive ways.","Game theory, Interpersonal relations, Social interaction, Transactional analysis, Social Psychology, Interacción social, Psihoterapija, Social role, Sociale relaties, Psychologische aspecten, Transactionele analyse, Journalists, fiction, Balkan peninsula, fiction, Fiction, psychological, Fiction, political, Psychology, Interaction social, games, relationships, communication, interaction, personality, neurosis, intimacy, psychotherapy, Interpersonal relationships, Psychological aspects, Manners and customs","Games People Play Eric Berne Games People Play (1964) explores the fascinating and bizarre world of psychological games, where players unconsciously manipulate each other into acting in alienating and self-destructive ways. Game theory, Interpersonal relations, Social interaction, Transactional analysis, Social Psychology, Interacción social, Psihoterapija, Social role, Sociale relaties, Psychologische aspecten, Transactionele analyse, Journalists, fiction, Balkan peninsula, fiction, Fiction, psychological, Fiction, political, Psychology, Interaction social, games, relationships, communication, interaction, personality, neurosis, intimacy, psychotherapy, Interpersonal relationships, Psychological aspects, Manners and customs"
Social psychology,"Robert A. Baron, Donn Erwin Byrne, Nyla R. Branscombe",1977.0,137851.0,/works/OL2661658W,https://covers.openlibrary.org/b/id/137851-M.jpg,,"Psychologie sociale, Einführung, Sozialpsychologie, Social psychology, Sociale psychologie, Philosophy, Political science, Communicatie, Psychology, Hm1033 .b35x 2004","Social psychology Robert A. Baron, Donn Erwin Byrne, Nyla R. Branscombe  Psychologie sociale, Einführung, Sozialpsychologie, Social psychology, Sociale psychologie, Philosophy, Political science, Communicatie, Psychology, Hm1033 .b35x 2004"
Dark Psychology 101 and Dark Psychology Secrets,Moneta Raye,2019.0,13234695.0,/works/OL30146102W,https://covers.openlibrary.org/b/id/13234695-M.jpg,,,Dark Psychology 101 and Dark Psychology Secrets Moneta Raye  
Psychology,Saundra K. Ciccarelli,2006.0,1110072.0,/works/OL5849524W,https://covers.openlibrary.org/b/id/1110072-M.jpg,,"Psychology, Textbooks, Study and teaching, Examinations, questions","Psychology Saundra K. Ciccarelli  Psychology, Textbooks, Study and teaching, Examinations, questions"
Psychologische Typen,Carl Gustav Jung,1921.0,442955.0,/works/OL95107W,https://covers.openlibrary.org/b/id/442955-M.jpg,"Overview: The book is rich in material drawn from literature, aesthetics, religion, and philosophy. The extended chapters that give general descriptions of the types and definitions of Jung's principal psychological concepts are key documents in analytical psychology.","Psychoanalysis, Typology (Psychology), Characters and characteristics, Individuality, Personality, Typologie (Psychologie), Individuation (Philosophy), Psychology, Psychanalyse, Typology (Psychology of), Persoonlijkheidsontwikkeling, Persoonlijkheid, Introversie, Extraversie, Psychoanalytic Theory, Personnalité, FAMILY & RELATIONSHIPS, Life Stages, Developmental, Lifespan Development, Character, Painting, Bibliography","Psychologische Typen Carl Gustav Jung Overview: The book is rich in material drawn from literature, aesthetics, religion, and philosophy. The extended chapters that give general descriptions of the types and definitions of Jung's principal psychological concepts are key documents in analytical psychology. Psychoanalysis, Typology (Psychology), Characters and characteristics, Individuality, Personality, Typologie (Psychologie), Individuation (Philosophy), Psychology, Psychanalyse, Typology (Psychology of), Persoonlijkheidsontwikkeling, Persoonlijkheid, Introversie, Extraversie, Psychoanalytic Theory, Personnalité, FAMILY & RELATIONSHIPS, Life Stages, Developmental, Lifespan Development, Character, Painting, Bibliography"
Psychology principles in practice,Spencer A. Rathus,1981.0,7046066.0,/works/OL2035732W,https://covers.openlibrary.org/b/id/7046066-M.jpg,,"Psychology, Textbooks, Psychology textbooks, Humanities textbooks, Study and teaching (Secondary), Psychology &amp; psychiatry, General","Psychology principles in practice Spencer A. Rathus  Psychology, Textbooks, Psychology textbooks, Humanities textbooks, Study and teaching (Secondary), Psychology &amp; psychiatry, General"
A Primer of Freudian Psychology,Calvin S. Hall,1954.0,296145.0,/works/OL1941879W,https://covers.openlibrary.org/b/id/296145-M.jpg,"The purpose of this primer is to present clearly, briefly, and systematically the psychological theories advanced by Sigmund Freud. Freud's contributions in the areas of abnormal psychology, psychopathology, psychotherapy, and psychiatry have been summarized by a number of writers, but his work as a psychological theorist in the area of general psychology has not been presented in a systematic and comprehensive form. The author contends that Freud's distinctive role in intellectual and scientific history is that of a psychological theorist. Freud himself regarded psychoanalysis primarily as a system of psychology and not merely a branch of abnormal psychology or psychiatry. He wanted to be remembered and identified chiefly as a psychologist. The author's purpose, then, in summarizing the psychology of Sigmund Freud is to rescue him from the domain of mental disorders and to restore him to his legitimate place within the province of normal psychology. It is argued that if Freud is permitted to remain an exclusive possession of a branch of medicine, not only will his fundamental theories be relegated to a subordinate position, but also psychology will be the loser for having ignored one of its most creative minds. (PsycINFO Database Record (c) 2005 APA, all rights reserved).","Psychoanalysis, Textbooks, Personnalité, Psychoanalyse, Psychology textbooks, Humanities textbooks, Personality, Psychanalyse, Psychology, Freud, sigmund, 1856-1939, Psychologie","A Primer of Freudian Psychology Calvin S. Hall The purpose of this primer is to present clearly, briefly, and systematically the psychological theories advanced by Sigmund Freud. Freud's contributions in the areas of abnormal psychology, psychopathology, psychotherapy, and psychiatry have been summarized by a number of writers, but his work as a psychological theorist in the area of general psychology has not been presented in a systematic and comprehensive form. The author contends that Freud's distinctive role in intellectual and scientific history is that of a psychological theorist. Freud himself regarded psychoanalysis primarily as a system of psychology and not merely a branch of abnormal psychology or psychiatry. He wanted to be remembered and identified chiefly as a psychologist. The author's purpose, then, in summarizing the psychology of Sigmund Freud is to rescue him from the domain of mental disorders and to restore him to his legitimate place within the province of normal psychology. It is argued that if Freud is permitted to remain an exclusive possession of a branch of medicine, not only will his fundamental theories be relegated to a subordinate position, but also psychology will be the loser for having ignored one of its most creative minds. (PsycINFO Database Record (c) 2005 APA, all rights reserved). Psychoanalysis, Textbooks, Personnalité, Psychoanalyse, Psychology textbooks, Humanities textbooks, Personality, Psychanalyse, Psychology, Freud, sigmund, 1856-1939, Psychologie"
Developmental psychology,Elizabeth Bergner Hurlock,1953.0,7228372.0,/works/OL6564579W,https://covers.openlibrary.org/b/id/7228372-M.jpg,"xiv, 395 p. 25 cm","Developmental psychology, Psychology, Psychologie génétique, Entwicklungspsychologie, Psychologie du développement, Ontwikkelingspsychologie, Einführung","Developmental psychology Elizabeth Bergner Hurlock xiv, 395 p. 25 cm Developmental psychology, Psychology, Psychologie génétique, Entwicklungspsychologie, Psychologie du développement, Ontwikkelingspsychologie, Einführung"
The Psychology of Money,"Michael Argyle, Adrian Furnham",2013.0,15137999.0,/works/OL27366295W,https://covers.openlibrary.org/b/id/15137999-M.jpg,,,"The Psychology of Money Michael Argyle, Adrian Furnham  "
Publication Manual of the American Psycological Association,"American Psychological Association., American Psychological Association, AMERICAN PSYCHOLOGICAL ASSOCIATION, 6th Edition Publication Manual of the American Psychological Association, APA (2010)",1952.0,14302544.0,/works/OL3282884W,https://covers.openlibrary.org/b/id/14302544-M.jpg,"The ""Publication Manual"" is the style manual of choice for writers, editors, students, and educators. Although it is specifically designed to help writers in the behavioral sciences and social sciences, anyone who writes non-fiction prose can benefit from its guidance. The newly-revised Sixth Edition has not only been rewritten. It has also been thoroughly rethought and reorganized, making it the most user-friendly ""Publication Manual"" the APA has ever produced. You will be able to find answers to your questions faster than ever before. When you need advice on how to present information, including text, data, and graphics, for publication in any type of format--such as college and university papers, professional journals, presentations for colleagues, and online publication--you will find the advice you're looking for in the ""Publication Manual.""","Technical writing, Communication in psychology, Documentacao, Psychology, Handbooks, manuals, Style manuals, Social science literature, Sciences sociales, Psychological literature, Guides, manuels, Édition, Publishing, Wetenschappelijke teksten, Communication en psychologie, Art d'écrire, Medical Journalism, Normalizacao em documentacao, Authorship, Documentation, Uitgeven, Writing, Rédaction technique, Psicologia, Psychologie, Social sciences, Richtlinie, Travailleurs, Wissenschaftliches Manuskript, Report writing, Printing, Schrijfvaardigheid, Wetenschappelijke publicaties, Norm, 77.09 methods and techniques in psychology: other, American Psychological Association, Wissenschaftlicher Text, Psychological literature - Publishing - Handbooks, manuals, Psychology textbooks, Textbooks, Humanities textbooks, Psychology - Authorship - Handbooks, Social science literature - Publishing - Handbooks, manuals, Bibliographical citations, Technique, HANDBOOKS, Satzanweisung, Edition_, Psychology, authorship, Social sciences, authorship, Richtlijnen, Forschungsbericht, Verhaltenswissenschaften, Veröffentlichung, Methode, Sozialwissenschaften, Wissenschaft, Wissenschaftliche Literatur, Bibliography, 02.13 practice of science, Pychologie, Standards, Social science literature -, Social sciences -, Publishing -, Psychology -, Psychological literature -, Authorship -, ÂEdition, Art d'âecrire, Manuskriptudformning, Wissenschaftliche Publikation, Literature, Writing skills, General interests & hobbies -> reference -> reference, Psychology--authorship, Psychology--authorship--style manuals, Social sciences--authorship, Social sciences--authorship--style manuals, Psychological literature--publishing, Psychological literature--publishing--handbooks, manuals, etc, Social science literature--publishing, Social science literature--publishing--handbooks, manuals, etc, Bf76.7 .p83 2020, 808.06615 p96, 2020, Psychology--authorship--handbooks, manuals, etc, Social sciences--authorship--handbooks, manuals, etc, Journalism, medical, Bf76.7 .p83 2001, Wz 345 p976 2001, 2001 n-022, 808/.06615","Publication Manual of the American Psycological Association American Psychological Association., American Psychological Association, AMERICAN PSYCHOLOGICAL ASSOCIATION, 6th Edition Publication Manual of the American Psychological Association, APA (2010) The ""Publication Manual"" is the style manual of choice for writers, editors, students, and educators. Although it is specifically designed to help writers in the behavioral sciences and social sciences, anyone who writes non-fiction prose can benefit from its guidance. The newly-revised Sixth Edition has not only been rewritten. It has also been thoroughly rethought and reorganized, making it the most user-friendly ""Publication Manual"" the APA has ever produced. You will be able to find answers to your questions faster than ever before. When you need advice on how to present information, including text, data, and graphics, for publication in any type of format--such as college and university papers, professional journals, presentations for colleagues, and online publication--you will find the advice you're looking for in the ""Publication Manual."" Technical writing, Communication in psychology, Documentacao, Psychology, Handbooks, manuals, Style manuals, Social science literature, Sciences sociales, Psychological literature, Guides, manuels, Édition, Publishing, Wetenschappelijke teksten, Communication en psychologie, Art d'écrire, Medical Journalism, Normalizacao em documentacao, Authorship, Documentation, Uitgeven, Writing, Rédaction technique, Psicologia, Psychologie, Social sciences, Richtlinie, Travailleurs, Wissenschaftliches Manuskript, Report writing, Printing, Schrijfvaardigheid, Wetenschappelijke publicaties, Norm, 77.09 methods and techniques in psychology: other, American Psychological Association, Wissenschaftlicher Text, Psychological literature - Publishing - Handbooks, manuals, Psychology textbooks, Textbooks, Humanities textbooks, Psychology - Authorship - Handbooks, Social science literature - Publishing - Handbooks, manuals, Bibliographical citations, Technique, HANDBOOKS, Satzanweisung, Edition_, Psychology, authorship, Social sciences, authorship, Richtlijnen, Forschungsbericht, Verhaltenswissenschaften, Veröffentlichung, Methode, Sozialwissenschaften, Wissenschaft, Wissenschaftliche Literatur, Bibliography, 02.13 practice of science, Pychologie, Standards, Social science literature -, Social sciences -, Publishing -, Psychology -, Psychological literature -, Authorship -, ÂEdition, Art d'âecrire, Manuskriptudformning, Wissenschaftliche Publikation, Literature, Writing skills, General interests & hobbies -> reference -> reference, Psychology--authorship, Psychology--authorship--style manuals, Social sciences--authorship, Social sciences--authorship--style manuals, Psychological literature--publishing, Psychological literature--publishing--handbooks, manuals, etc, Social science literature--publishing, Social science literature--publishing--handbooks, manuals, etc, Bf76.7 .p83 2020, 808.06615 p96, 2020, Psychology--authorship--handbooks, manuals, etc, Social sciences--authorship--handbooks, manuals, etc, Journalism, medical, Bf76.7 .p83 2001, Wz 345 p976 2001, 2001 n-022, 808/.06615"
Introduction to psychology,Rod Plotnik,1986.0,3736524.0,/works/OL1955834W,https://covers.openlibrary.org/b/id/3736524-M.jpg,"Plotnik's Fourth Edition captures the excitement of the current research that is going on in the discipline, while still retaining the ""classic"" studies that are important to careful development of the subject matter. Plotnik adds coverage of new topics such as genetic research, repressed memory syndrome, and many others as well as updating research in every module. Plotnik has revised and updated his text page by page to increase the depth of coverage in key areas - without losing the student focus that made the book work so effectively in its previous edition. Each chapter's opening vignette serves to organize and tie information together as Plotnik moves through major concepts. Each of the module's key topics is covered ina one-, two-, or (very occassionally) four-page spread. By presenting information in these ""bite-sized"" chunks with fully integrated visuals, Plotnik makes the material more accessible to students and easier to recall.","Psychology, Textbooks, Psychology textbooks, Psychologie, Humanities textbooks, Nonfiction","Introduction to psychology Rod Plotnik Plotnik's Fourth Edition captures the excitement of the current research that is going on in the discipline, while still retaining the ""classic"" studies that are important to careful development of the subject matter. Plotnik adds coverage of new topics such as genetic research, repressed memory syndrome, and many others as well as updating research in every module. Plotnik has revised and updated his text page by page to increase the depth of coverage in key areas - without losing the student focus that made the book work so effectively in its previous edition. Each chapter's opening vignette serves to organize and tie information together as Plotnik moves through major concepts. Each of the module's key topics is covered ina one-, two-, or (very occassionally) four-page spread. By presenting information in these ""bite-sized"" chunks with fully integrated visuals, Plotnik makes the material more accessible to students and easier to recall. Psychology, Textbooks, Psychology textbooks, Psychologie, Humanities textbooks, Nonfiction"
The Psychology of Everyday Things,Donald A. Norman,1988.0,10007224.0,/works/OL1879162W,https://covers.openlibrary.org/b/id/10007224-M.jpg,"The Design of Everyday Things is a best-selling book by cognitive scientist and usability engineer Donald Norman about how design serves as the communication between object and user, and how to optimize that conduit of communication in order to make the experience of using the object pleasurable. One of the main premises of the book is that although people are often keen to blame themselves when objects appear to malfunction, it is not the fault of the user but rather the lack of intuitive guidance that should be present in the design.","Ergonomie, Industrial Psychology, Industriële vormgeving, Industrial Design, Psychological aspects, Psychology textbooks, Psychological aspects of Industrial design, Textbooks, Aspect psychologique, Design, Humanities textbooks, Projetos (administracao), Human engineering, Long Now Manual for Civilization, New York Times reviewed, Cognitive psychology, Livres numériques, Ergonomics, E-books, BUSINESS & ECONOMICS, Industries, Retailing, Product, PSYCHOLOGY, Applied Psychology, Electronic books, Industriell formgivning, Psykologiska aspekter, Industries / Retailing, Mechanical Engineering, Engineering & Applied Sciences, Industrial & Management Engineering, Nonfiction, Art, Business, Industrial design--psychological aspects, Psychology, industrial, Ts171.4 .n67 1990, Ts 171.4 n842p 1990, 620.8/2, Business & economics--industries--retailing, Psychology--applied psychology, Design--product, Industriell formgivning--psykologiska aspekter, Ts171.4 .n67 2013, 745.2019, 745.2001/9, Bus057000 psy003000 des011000, Cognitive science, Design, drafting, drawing & presentation, Lighting, Data modeling & design, Site design, Branding & logo design, Design & construction, Packaging, Decision-making & problem solving, Industrial management, Computer industry, Manufacturing, Knowledge capital, Leadership, Operations research, Organizational behavior, Skills, Workplace culture, Industrial & organizational psychology, Social psychology, Business & economics -> business -> industries, Professional, career & trade -> graphic arts/communications/design -> package design, Social sciences -> psychology -> applied psychology, Social sciences -> psychology -> cognitive psychology, Biological sciences & nutrition -> biology -> cognitive science, Professional, career & trade -> architecture -> design, drawing & presentation, Professional, career & trade -> architecture -> interiors & interior design, Professional, career & trade -> computer science -> data modeling & design, Professional, career & trade -> computer science -> internet & www, Professional, career & trade -> graphic arts/communications/design -> branding & logo design, General interests & hobbies -> house & home -> house & home, Trades & technology -> industrial design -> general, Business & economics -> management -> special topics, Business & economics -> decision sciences -> management science, Business & economics -> management -> leadership, Business & economics -> decision sciences -> production/operations management, Business & economics -> management -> organizational behavior, Business & economics -> business -> business studies, Business & economics -> business -> special topics, Social sciences -> psychology -> industrial & organizational psychology, Social sciences -> psychology -> social psychology","The Psychology of Everyday Things Donald A. Norman The Design of Everyday Things is a best-selling book by cognitive scientist and usability engineer Donald Norman about how design serves as the communication between object and user, and how to optimize that conduit of communication in order to make the experience of using the object pleasurable. One of the main premises of the book is that although people are often keen to blame themselves when objects appear to malfunction, it is not the fault of the user but rather the lack of intuitive guidance that should be present in the design. Ergonomie, Industrial Psychology, Industriële vormgeving, Industrial Design, Psychological aspects, Psychology textbooks, Psychological aspects of Industrial design, Textbooks, Aspect psychologique, Design, Humanities textbooks, Projetos (administracao), Human engineering, Long Now Manual for Civilization, New York Times reviewed, Cognitive psychology, Livres numériques, Ergonomics, E-books, BUSINESS & ECONOMICS, Industries, Retailing, Product, PSYCHOLOGY, Applied Psychology, Electronic books, Industriell formgivning, Psykologiska aspekter, Industries / Retailing, Mechanical Engineering, Engineering & Applied Sciences, Industrial & Management Engineering, Nonfiction, Art, Business, Industrial design--psychological aspects, Psychology, industrial, Ts171.4 .n67 1990, Ts 171.4 n842p 1990, 620.8/2, Business & economics--industries--retailing, Psychology--applied psychology, Design--product, Industriell formgivning--psykologiska aspekter, Ts171.4 .n67 2013, 745.2019, 745.2001/9, Bus057000 psy003000 des011000, Cognitive science, Design, drafting, drawing & presentation, Lighting, Data modeling & design, Site design, Branding & logo design, Design & construction, Packaging, Decision-making & problem solving, Industrial management, Computer industry, Manufacturing, Knowledge capital, Leadership, Operations research, Organizational behavior, Skills, Workplace culture, Industrial & organizational psychology, Social psychology, Business & economics -> business -> industries, Professional, career & trade -> graphic arts/communications/design -> package design, Social sciences -> psychology -> applied psychology, Social sciences -> psychology -> cognitive psychology, Biological sciences & nutrition -> biology -> cognitive science, Professional, career & trade -> architecture -> design, drawing & presentation, Professional, career & trade -> architecture -> interiors & interior design, Professional, career & trade -> computer science -> data modeling & design, Professional, career & trade -> computer science -> internet & www, Professional, career & trade -> graphic arts/communications/design -> branding & logo design, General interests & hobbies -> house & home -> house & home, Trades & technology -> industrial design -> general, Business & economics -> management -> special topics, Business & economics -> decision sciences -> management science, Business & economics -> management -> leadership, Business & economics -> decision sciences -> production/operations management, Business & economics -> management -> organizational behavior, Business & economics -> business -> business studies, Business & economics -> business -> special topics, Social sciences -> psychology -> industrial & organizational psychology, Social sciences -> psychology -> social psychology"
New Psychology Of Money,Adrian Furnham,2014.0,7710924.0,/works/OL17504577W,https://covers.openlibrary.org/b/id/7710924-M.jpg,,"Money, Psychological aspects, BUSINESS & ECONOMICS, Finance","New Psychology Of Money Adrian Furnham  Money, Psychological aspects, BUSINESS & ECONOMICS, Finance"
Understanding psychology,"Charles G. Morris, Albert A. Maisto",1991.0,3997378.0,/works/OL1816885W,https://covers.openlibrary.org/b/id/3997378-M.jpg,,"Psychology, Textbooks","Understanding psychology Charles G. Morris, Albert A. Maisto  Psychology, Textbooks"
Psychology,"Charles G. Morris, Albert A. Maisto",1973.0,4341574.0,/works/OL1816886W,https://covers.openlibrary.org/b/id/4341574-M.jpg,,"Psychology, Textbooks, Psychology textbooks, Psychologie, Humanities textbooks, Einfuhrung, Psychology, applied","Psychology Charles G. Morris, Albert A. Maisto  Psychology, Textbooks, Psychology textbooks, Psychologie, Humanities textbooks, Einfuhrung, Psychology, applied"
Essentials of Psychology,Dennis Coon,1979.0,14035727.0,/works/OL90591W,https://covers.openlibrary.org/b/id/14035727-M.jpg,,"Psychology, Textbooks, Psychology textbooks, Humanities textbooks","Essentials of Psychology Dennis Coon  Psychology, Textbooks, Psychology textbooks, Humanities textbooks"
Invitation to Psychology,"Carole Wade, Carol Tavris, Samuel R. Sommers, Lisa M. Shin, Maryanne Garry",1998.0,2382453.0,/works/OL505187W,https://covers.openlibrary.org/b/id/2382453-M.jpg,,"Psychology, Textbooks, Psychology, outlines, syllabi, etc., Biochemistry, Reading (Elementary) $z United States, Psychologie, Youth, Adolescent psychology","Invitation to Psychology Carole Wade, Carol Tavris, Samuel R. Sommers, Lisa M. Shin, Maryanne Garry  Psychology, Textbooks, Psychology, outlines, syllabi, etc., Biochemistry, Reading (Elementary) $z United States, Psychologie, Youth, Adolescent psychology"
Dark Psychology Tricks : Manipulation Body Language Dark Psychology,Luise Rankin,2021.0,15117702.0,/works/OL30756856W,https://covers.openlibrary.org/b/id/15117702-M.jpg,,,Dark Psychology Tricks : Manipulation Body Language Dark Psychology Luise Rankin  
Never Lie,Freida McFadden,2022.0,13198561.0,/works/OL34224558W,https://covers.openlibrary.org/b/id/13198561-M.jpg,"Newlyweds Tricia and Ethan are searching for the house of their dreams.

But when they visit the remote manor that once belonged to Dr. Adrienne Hale, a renowned psychiatrist who vanished without a trace four years earlier, a violent winter storm traps them at the estate… with no chance of escape until the blizzard comes to an end.

In search of a book to keep her entertained until the snow abates, Tricia happens upon a secret room. One that contains audio transcripts from every single patient Dr. Hale has ever interviewed. As Tricia listens to the cassette tapes, she learns about the terrifying chain of events leading up to Dr. Hale’s mysterious disappearance.

Tricia plays the tapes one by one, late into the night. With each one, another shocking piece of the puzzle falls into place, and Dr. Adrienne Hale’s web of lies slowly unravels.

And then Tricia reaches the final cassette.

The one that reveals the entire horrifying truth.","Thriller, Mystery, Mystery Thriller, Fiction, Suspense, Crime, Psychological Thriller, Contemporary","Never Lie Freida McFadden Newlyweds Tricia and Ethan are searching for the house of their dreams.

But when they visit the remote manor that once belonged to Dr. Adrienne Hale, a renowned psychiatrist who vanished without a trace four years earlier, a violent winter storm traps them at the estate… with no chance of escape until the blizzard comes to an end.

In search of a book to keep her entertained until the snow abates, Tricia happens upon a secret room. One that contains audio transcripts from every single patient Dr. Hale has ever interviewed. As Tricia listens to the cassette tapes, she learns about the terrifying chain of events leading up to Dr. Hale’s mysterious disappearance.

Tricia plays the tapes one by one, late into the night. With each one, another shocking piece of the puzzle falls into place, and Dr. Adrienne Hale’s web of lies slowly unravels.

And then Tricia reaches the final cassette.

The one that reveals the entire horrifying truth. Thriller, Mystery, Mystery Thriller, Fiction, Suspense, Crime, Psychological Thriller, Contemporary"
Psychology,David G. Myers,1986.0,6601727.0,/works/OL14859351W,https://covers.openlibrary.org/b/id/6601727-M.jpg,,"Psychology, Textbooks, Psychologie sociale, Einführung, Psychopathologie, Psychology textbooks, Psychologie, Humanities textbooks, Psychologie du développement, Personnalité, Troubles de la, Psychology -- Textbooks, Classification [MESH], Classification, Numerical taxonomy, Biology [MESH], Taxonomy, Mathematics [MESH], Biologie, Numerische Taxonomie, Taxonomie, Psychology, outlines, syllabi, etc., Psychology, study and teaching","Psychology David G. Myers  Psychology, Textbooks, Psychologie sociale, Einführung, Psychopathologie, Psychology textbooks, Psychologie, Humanities textbooks, Psychologie du développement, Personnalité, Troubles de la, Psychology -- Textbooks, Classification [MESH], Classification, Numerical taxonomy, Biology [MESH], Taxonomy, Mathematics [MESH], Biologie, Numerische Taxonomie, Taxonomie, Psychology, outlines, syllabi, etc., Psychology, study and teaching"
Psychology,William James,1892.0,153443.0,/works/OL1502063W,https://covers.openlibrary.org/b/id/153443-M.jpg,On psychology.,"Psychology, Psychologie, Large type books","Psychology William James On psychology. Psychology, Psychologie, Large type books"
Educational Psychology,Robert E. Slavin,1986.0,138358.0,/works/OL12204W,https://covers.openlibrary.org/b/id/138358-M.jpg,"Foster the intellectual and practical strategies needed to be an effective teacher
Educational Psychology: Theory and Practice offers complete, up-to-date information that is presented in readable, practical ways and illustrated with engaging examples and case studies. The text makes the connection between theory and practice explicit, helping students transfer what they learn to their own teaching. Based directly on classroom research, the text is kept up-to-date with the most recent learnings and includes over 2,000 citations. The 13th Edition features a new section called “What Does the Evidence Say?” that includes recent educational research findings, as well as new and expanded coverage on many topics throughout.","Educational psychology, Textbooks, Psychology textbooks, Humanities textbooks, Apprentissage, Enseignement, Coöperatief onderwijs, Kooperatives Lernen, Travail en équipe, Guides, manuels, Group work in education, Team learning approach in education, Didactiek, Padagogische Psychologie, Onderwijspsychologie, Psychopedagogie, Leren","Educational Psychology Robert E. Slavin Foster the intellectual and practical strategies needed to be an effective teacher
Educational Psychology: Theory and Practice offers complete, up-to-date information that is presented in readable, practical ways and illustrated with engaging examples and case studies. The text makes the connection between theory and practice explicit, helping students transfer what they learn to their own teaching. Based directly on classroom research, the text is kept up-to-date with the most recent learnings and includes over 2,000 citations. The 13th Edition features a new section called “What Does the Evidence Say?” that includes recent educational research findings, as well as new and expanded coverage on many topics throughout. Educational psychology, Textbooks, Psychology textbooks, Humanities textbooks, Apprentissage, Enseignement, Coöperatief onderwijs, Kooperatives Lernen, Travail en équipe, Guides, manuels, Group work in education, Team learning approach in education, Didactiek, Padagogische Psychologie, Onderwijspsychologie, Psychopedagogie, Leren"
Abnormal Psychology,"Irwin G. Sarason, Barbara R. Sarason, Irwin Gerald Sarason",1969.0,85196.0,/works/OL1802485W,https://covers.openlibrary.org/b/id/85196-M.jpg,,"Psychopathology, Social Behavior Disorders, Psychopathologie, Textbooks, Psychology textbooks, Humanities textbooks, Psychology, Pathological, Pathological Psychology, Abweichendes Verhalten, Therapie, Verhaltensstorung, Psychologie, Study and teaching, Einführung, Verhaltensstörung","Abnormal Psychology Irwin G. Sarason, Barbara R. Sarason, Irwin Gerald Sarason  Psychopathology, Social Behavior Disorders, Psychopathologie, Textbooks, Psychology textbooks, Humanities textbooks, Psychology, Pathological, Pathological Psychology, Abweichendes Verhalten, Therapie, Verhaltensstorung, Psychologie, Study and teaching, Einführung, Verhaltensstörung"
Cognitive psychology,Robert L. Solso,1979.0,1146064.0,/works/OL2669419W,https://covers.openlibrary.org/b/id/1146064-M.jpg,,"Cognitive psychology, Textbooks, Cognition, Psychological Theory","Cognitive psychology Robert L. Solso  Cognitive psychology, Textbooks, Cognition, Psychological Theory"
Psychological testing,Anne Anastasi,1954.0,14462.0,/works/OL3339495W,https://covers.openlibrary.org/b/id/14462-M.jpg,,"Mental tests, Personality tests, Testes Psicologicos, Psychologische Diagnostik, Psychological tests, Test, Psychometrie, Testen, Tests psychologiques, 77.08 psychodiagnostics, Psychodiagnostiek, Psychologische tests, Psychologie, Personnalité, Tests, Psychometrics","Psychological testing Anne Anastasi  Mental tests, Personality tests, Testes Psicologicos, Psychologische Diagnostik, Psychological tests, Test, Psychometrie, Testen, Tests psychologiques, 77.08 psychodiagnostics, Psychodiagnostiek, Psychologische tests, Psychologie, Personnalité, Tests, Psychometrics"
The psychology of self-esteem,Nathaniel Branden,1969.0,548526.0,/works/OL1835078W,https://covers.openlibrary.org/b/id/548526-M.jpg,,"Psychological aspects of Self-esteem, Psychology, Estime de soi, Psychologie, Autoestima, Psychological aspects, Self-esteem, Personality, Self Concept","The psychology of self-esteem Nathaniel Branden  Psychological aspects of Self-esteem, Psychology, Estime de soi, Psychologie, Autoestima, Psychological aspects, Self-esteem, Personality, Self Concept"
Psychology,John W. Santrock,1991.0,1084048.0,/works/OL79239W,https://covers.openlibrary.org/b/id/1084048-M.jpg,,"Psychology, Textbooks","Psychology John W. Santrock  Psychology, Textbooks"
Psychology,"Gray, Peter",1991.0,455934.0,/works/OL2034228W,https://covers.openlibrary.org/b/id/455934-M.jpg,"Peter Gray's Psychology has become a favorite of instructors with its exploration of psychology's major theories, and the evidence that supports and refutes these theories.  Each edition incorporates an exceptional amount of contemporary research, encouraging students to probe for the purposes and biological origins of behavior--the ""whys"" and ""hows"" of human psychology.  Peter Gray's engaging, readable writing style makes the science of psychology, and its interactions with biology, accessible and meaningful.  With the new edition, Gray has taken care to ensure that his comprehensive, thought-provoking, and contemporary coverage is well-attuned to the needs and interests of today's students.","Textbooks, Psychology","Psychology Gray, Peter Peter Gray's Psychology has become a favorite of instructors with its exploration of psychology's major theories, and the evidence that supports and refutes these theories.  Each edition incorporates an exceptional amount of contemporary research, encouraging students to probe for the purposes and biological origins of behavior--the ""whys"" and ""hows"" of human psychology.  Peter Gray's engaging, readable writing style makes the science of psychology, and its interactions with biology, accessible and meaningful.  With the new edition, Gray has taken care to ensure that his comprehensive, thought-provoking, and contemporary coverage is well-attuned to the needs and interests of today's students. Textbooks, Psychology"
Psychology,"Dennis Coon, John O. Mitterer",2001.0,12676148.0,/works/OL90590W,https://covers.openlibrary.org/b/id/12676148-M.jpg,,"Textbooks, Psychology, General, Psychology & Psychiatry / General, Psychology (General), Reference - psychology","Psychology Dennis Coon, John O. Mitterer  Textbooks, Psychology, General, Psychology & Psychiatry / General, Psychology (General), Reference - psychology"
Introduction to psychology,Dennis Coon,1977.0,364838.0,/works/OL90589W,https://covers.openlibrary.org/b/id/364838-M.jpg,,"Psychology, Textbooks, Psychology textbooks, Psychologie, Humanities textbooks, Behavior, Mental Processes, Einführung, Psychology &amp; psychiatry, General, Social reformers, Biography","Introduction to psychology Dennis Coon  Psychology, Textbooks, Psychology textbooks, Psychologie, Humanities textbooks, Behavior, Mental Processes, Einführung, Psychology &amp; psychiatry, General, Social reformers, Biography"
Health psychology,Shelley E. Taylor,1986.0,5451354.0,/works/OL15694W,https://covers.openlibrary.org/b/id/5451354-M.jpg,,"Attitude to Health, Behavioral Medicine, Clinical health psychology, Health attitudes, Medicine, Psychosomatic, Psychosomatic Medicine, open_syllabus_project, Medische psychologie, Psychologie de la santé, Médecine psychosomatique, Psychologie clinique, Gesundheitspsychologie, Chronic Disease, Psychology, Disease, Health Behavior, Health Promotion, Life Style, Physician-Patient Relations, Medical Psychology, Psychological Stress, Terminal Care, Santé","Health psychology Shelley E. Taylor  Attitude to Health, Behavioral Medicine, Clinical health psychology, Health attitudes, Medicine, Psychosomatic, Psychosomatic Medicine, open_syllabus_project, Medische psychologie, Psychologie de la santé, Médecine psychosomatique, Psychologie clinique, Gesundheitspsychologie, Chronic Disease, Psychology, Disease, Health Behavior, Health Promotion, Life Style, Physician-Patient Relations, Medical Psychology, Psychological Stress, Terminal Care, Santé"
A Primer of Jungian Psychology,"Calvin S. Hall, Vernon J. Nordby",1973.0,296147.0,/works/OL1941876W,https://covers.openlibrary.org/b/id/296147-M.jpg,"""Carl Jung's contributions to our understanding of the human psyche have made him one of the most significant figures in the field of analytical psychology. His concepts of the collective unconscious, archetypal personality patterns, extroversion and introversion; his inquiry into the functions of thought, instinct, and feeling; his masterful investigations of the roots and meaning of dreams--all have had profound and far-reaching influence."" ""A Primer of Jungian Psychology offers a clear and concise presentation of Jung's life and work, and of the theories that have become fundamental to our basic understanding of behavior. Including everything from Jung's beliefs on the basic structure of the personality to his controversial ideas on the psychological relevance of occultism, astrology, alchemy, and extrasensory perception, this comprehensive volume is essential reading for anyone interested in the hidden depths of the mind. Book jacket.""--Jacket.","Textbooks, Jungian psychology, Psychology textbooks, Humanities textbooks, Psychoanalysis, Psychanalyse, Psychology, Personality, Jungian Theory","A Primer of Jungian Psychology Calvin S. Hall, Vernon J. Nordby ""Carl Jung's contributions to our understanding of the human psyche have made him one of the most significant figures in the field of analytical psychology. His concepts of the collective unconscious, archetypal personality patterns, extroversion and introversion; his inquiry into the functions of thought, instinct, and feeling; his masterful investigations of the roots and meaning of dreams--all have had profound and far-reaching influence."" ""A Primer of Jungian Psychology offers a clear and concise presentation of Jung's life and work, and of the theories that have become fundamental to our basic understanding of behavior. Including everything from Jung's beliefs on the basic structure of the personality to his controversial ideas on the psychological relevance of occultism, astrology, alchemy, and extrasensory perception, this comprehensive volume is essential reading for anyone interested in the hidden depths of the mind. Book jacket.""--Jacket. Textbooks, Jungian psychology, Psychology textbooks, Humanities textbooks, Psychoanalysis, Psychanalyse, Psychology, Personality, Jungian Theory"
Clinical psychology,Graham Davey,2008.0,9350107.0,/works/OL18794604W,https://covers.openlibrary.org/b/id/9350107-M.jpg,,"Clinical psychology, Methods, Clinical Psychology, Psychology, pathological, Psychologie clinique, HEALTH & FITNESS, Diseases, General, MEDICAL, Clinical Medicine, Evidence-Based Medicine, Internal Medicine, PSYCHOLOGY / General, PSYCHOLOGY / Applied Psychology, PSYCHOLOGY / Clinical Psychology, Applied psychology, Social sciences -> psychology -> clinical psychology, Social sciences -> psychology -> applied psychology, Social sciences -> psychology -> abnormal psychology, Scbe0545, Scbe010610, Scbe0535, Scbe0550, Scbe0540, Psy007000, Cs.psych.clinc_psych","Clinical psychology Graham Davey  Clinical psychology, Methods, Clinical Psychology, Psychology, pathological, Psychologie clinique, HEALTH & FITNESS, Diseases, General, MEDICAL, Clinical Medicine, Evidence-Based Medicine, Internal Medicine, PSYCHOLOGY / General, PSYCHOLOGY / Applied Psychology, PSYCHOLOGY / Clinical Psychology, Applied psychology, Social sciences -> psychology -> clinical psychology, Social sciences -> psychology -> applied psychology, Social sciences -> psychology -> abnormal psychology, Scbe0545, Scbe010610, Scbe0535, Scbe0550, Scbe0540, Psy007000, Cs.psych.clinc_psych"
Cognitive psychology and its implications,John Robert Anderson,1980.0,455605.0,/works/OL519624W,https://covers.openlibrary.org/b/id/455605-M.jpg,,"Kognitive Psychologie, Cognitive psychology, Textbooks, Cognition, Einführung, Psychologie cognitive, Psychology textbooks, Humanities textbooks, Cognitieve psychologie, Einfuhrung, Geheugen, Kennisrepresentatie, Waarneming, Aandacht","Cognitive psychology and its implications John Robert Anderson  Kognitive Psychologie, Cognitive psychology, Textbooks, Cognition, Einführung, Psychologie cognitive, Psychology textbooks, Humanities textbooks, Cognitieve psychologie, Einfuhrung, Geheugen, Kennisrepresentatie, Waarneming, Aandacht"
Understanding psychology,"Feldman, Robert S.",1987.0,4085800.0,/works/OL83722W,https://covers.openlibrary.org/b/id/4085800-M.jpg,,"Psychology, Textbooks, Psychologie","Understanding psychology Feldman, Robert S.  Psychology, Textbooks, Psychologie"
Educational Psychology,Jeanne Ellis Ormrod,1994.0,92354.0,/works/OL23464W,https://covers.openlibrary.org/b/id/92354-M.jpg,,"Classroom management, Educational psychology, Textbooks, Psychology textbooks, Humanities textbooks, Learning, Behaviorism (Psychology), Teaching, Psychology of Learning, Learning, psychology of, Onderwijspsychologie, Leerprocessen, Motivationspsychologie, Unterrichtsführung","Educational Psychology Jeanne Ellis Ormrod  Classroom management, Educational psychology, Textbooks, Psychology textbooks, Humanities textbooks, Learning, Behaviorism (Psychology), Teaching, Psychology of Learning, Learning, psychology of, Onderwijspsychologie, Leerprocessen, Motivationspsychologie, Unterrichtsführung"
Visualizing psychology,Siri Carpenter,2007.0,11334051.0,/works/OL8232336W,https://covers.openlibrary.org/b/id/11334051-M.jpg,"""This new edition has many new and enhanced features while it continues to rely heavily on the integration of visuals to elucidate concepts to solidify an understanding of them. Examples throughout show how to use psychology in the workplace and in personal relationships, while demonstrating the role psychology plays in other practical everyday issues. This book helps examine personal studying and learning styles with several new pedagogical aids -- encouraging readers to apply what they are learning to their everyday lives""--","Psychology, Textbooks, SCIENCE / Earth Sciences / Geography","Visualizing psychology Siri Carpenter ""This new edition has many new and enhanced features while it continues to rely heavily on the integration of visuals to elucidate concepts to solidify an understanding of them. Examples throughout show how to use psychology in the workplace and in personal relationships, while demonstrating the role psychology plays in other practical everyday issues. This book helps examine personal studying and learning styles with several new pedagogical aids -- encouraging readers to apply what they are learning to their everyday lives""-- Psychology, Textbooks, SCIENCE / Earth Sciences / Geography"
Social psychology,H. Andrew Michener,1986.0,6603260.0,/works/OL2038599W,https://covers.openlibrary.org/b/id/6603260-M.jpg,,"Textbooks, Einführung, Psychology textbooks, Sozialpsychologie, Humanities textbooks, Social psychology","Social psychology H. Andrew Michener  Textbooks, Einführung, Psychology textbooks, Sozialpsychologie, Humanities textbooks, Social psychology"
Psychological testing,Anne Anastasi,1954.0,15046064.0,/works/OL10648697W,https://covers.openlibrary.org/b/id/15046064-M.jpg,Syllabus,"Psychological tests, Mental tests, Psychologische Diagnostik, Test, Psychometrie, Testen, Tests psychologiques, Psychologische diagnostik","Psychological testing Anne Anastasi Syllabus Psychological tests, Mental tests, Psychologische Diagnostik, Test, Psychometrie, Testen, Tests psychologiques, Psychologische diagnostik"
Social psychology,"Shelley E. Taylor, L. Amme Peplau, David O. Sears, Robin Kowalski",1991.0,1110854.0,/works/OL15693W,https://covers.openlibrary.org/b/id/1110854-M.jpg,,"Social psychology, Sociale psychologie, Social, group or collective psychology, Study Aids, Psychology, Study Guides","Social psychology Shelley E. Taylor, L. Amme Peplau, David O. Sears, Robin Kowalski  Social psychology, Sociale psychologie, Social, group or collective psychology, Study Aids, Psychology, Study Guides"
Abnormal psychology,Ronald J. Comer,1992.0,455692.0,/works/OL2035675W,https://covers.openlibrary.org/b/id/455692-M.jpg,,"Psychopathologie, Textbooks, Psychology textbooks, Humanities textbooks, Psychology, Pathological, Pathological Psychology, Klinische Psychologie, Psychology, pathological","Abnormal psychology Ronald J. Comer  Psychopathologie, Textbooks, Psychology textbooks, Humanities textbooks, Psychology, Pathological, Pathological Psychology, Klinische Psychologie, Psychology, pathological"
Influence,Robert B. Cialdini,0.0,11472444.0,/works/OL24735974W,https://covers.openlibrary.org/b/id/11472444-M.jpg,,,Influence Robert B. Cialdini  
Mindset,Carol S. Dweck,2006.0,746414.0,/works/OL2003465W,https://covers.openlibrary.org/b/id/746414-M.jpg,"Mindset is one of those rare books that can help you make positive changes in your life and at the same time see the world in a new way.A leading expert in motivation and personality psychology, Carol Dweck has discovered in more than twenty years of research that our mindset is not a minor personality quirk: it creates our whole mental world. It explains how we become optimistic or pessimistic. It shapes our goals, our attitude toward work and relationships, and how we raise our kids, ultimately predicting whether or not we will fulfill our potential. Dweck has found that everyone has one of two basic mindsets.If you have the fixed mindset, you believe that your talents and abilities are set in stone--either you have them or you don't. You must prove yourself over and over, trying to look smart and talented at all costs. This is the path of stagnation. If you have a growth mindset, however, you know that talents can be developed and that great abilities are built over time. This is the path of opportunity--and success.Dweck demonstrates that mindset unfolds in childhood and adulthood and drives every aspect of our lives, from work to sports, from relationships to parenting.  She reveals how creative geniuses in all fields--music, literature, science, sports, business--apply the growth mindset to achieve results.  Perhaps even more important, she shows us how we can change our mindset at any stage of life to achieve true success and fulfillment.  She looks across a broad range of applications and helps parents, teachers, coaches, and executives see how they can promote the growth mindset. Highly engaging and very practical, Mindset breaks new ground as it leads you to change how you feel about yourself and your future.""This book is an essential read for parents, teachers, coaches, and others who are instrumental in determining a child's mind-set, and in turn, his or her future success, as well as for those who would like to increase their own feelings of success and fulfillment."" --Library JournalContentsIntroduction1. The MindsetsWhy Do People Differ?What Does All This Mean for You? The Two MindsetsA View from the Two MindsetsSo, What's New?Self-Insight: Who Has Accurate Views of Their Assets and Limitations?What's iIn Store2. Inside The MindsetsIs Success About Learning--Or Proving You're Smart?Mindsets Change the Meaning of FailureMindsets Change the Meaning of EffortQuestions and Answers3. The Truth About Ability and AccomplishmentMindset and School AchievementIs Artistic Ability a Gift?The Danger of Praise and Positive LabelsNegative Labels and How They Work4. Sports: The Mindset Of A ChampionThe Idea of the Natural""Character""What Is Success?What Is Failure?Taking Charge of SuccessWhat Does It Mean to Be a Star?Hearing the Mindsets5. Business: Mindset and LeadershipEnron and the Talent MindsetOrganizations That GrowA Study of Mindset and Management DecisionsLeadership and the Fixed MindsetFixed-Mindset Leaders in ActionGrowth-Mindset Leaders in ActionA Study of Group ProcessesGroupthink Versus We ThinkAre Leaders Born or Made?6. Relationships: Mindsets In Love (Or Not)Relationships Are DifferentMindsets Falling in LoveThe Partner as EnemyCompetition: Who's The Greatest?Developing in RelationshipsFriendshipShynessBullies and Victims: Revenge Revisited7. Parents, Teachers, And Coaches:   Where Do Mindsets Come From?Parents (and...","Belief and doubt, Nonfiction, Psychological aspects, Psychological aspects of Success, Psychology, Success, Selbstbild, Erfolg, Attitude, Set (Psychology), Achievement, Success, psychological aspects, Self-confidence, Self-actualization (psychology), Achievement motivation, Croyance et doute, Succès, Aspect psychologique, Cognitive Psychology, SCIENCE, Cognitive Science, Success--psychological aspects, Business & economics / personal success, Psychology / social psychology, Self-help / personal growth / success, Bf773 .d85 2016, 153.8, Éxito, Aspectos psicológicos, Creencia y duda, Psychology Set","Mindset Carol S. Dweck Mindset is one of those rare books that can help you make positive changes in your life and at the same time see the world in a new way.A leading expert in motivation and personality psychology, Carol Dweck has discovered in more than twenty years of research that our mindset is not a minor personality quirk: it creates our whole mental world. It explains how we become optimistic or pessimistic. It shapes our goals, our attitude toward work and relationships, and how we raise our kids, ultimately predicting whether or not we will fulfill our potential. Dweck has found that everyone has one of two basic mindsets.If you have the fixed mindset, you believe that your talents and abilities are set in stone--either you have them or you don't. You must prove yourself over and over, trying to look smart and talented at all costs. This is the path of stagnation. If you have a growth mindset, however, you know that talents can be developed and that great abilities are built over time. This is the path of opportunity--and success.Dweck demonstrates that mindset unfolds in childhood and adulthood and drives every aspect of our lives, from work to sports, from relationships to parenting.  She reveals how creative geniuses in all fields--music, literature, science, sports, business--apply the growth mindset to achieve results.  Perhaps even more important, she shows us how we can change our mindset at any stage of life to achieve true success and fulfillment.  She looks across a broad range of applications and helps parents, teachers, coaches, and executives see how they can promote the growth mindset. Highly engaging and very practical, Mindset breaks new ground as it leads you to change how you feel about yourself and your future.""This book is an essential read for parents, teachers, coaches, and others who are instrumental in determining a child's mind-set, and in turn, his or her future success, as well as for those who would like to increase their own feelings of success and fulfillment."" --Library JournalContentsIntroduction1. The MindsetsWhy Do People Differ?What Does All This Mean for You? The Two MindsetsA View from the Two MindsetsSo, What's New?Self-Insight: Who Has Accurate Views of Their Assets and Limitations?What's iIn Store2. Inside The MindsetsIs Success About Learning--Or Proving You're Smart?Mindsets Change the Meaning of FailureMindsets Change the Meaning of EffortQuestions and Answers3. The Truth About Ability and AccomplishmentMindset and School AchievementIs Artistic Ability a Gift?The Danger of Praise and Positive LabelsNegative Labels and How They Work4. Sports: The Mindset Of A ChampionThe Idea of the Natural""Character""What Is Success?What Is Failure?Taking Charge of SuccessWhat Does It Mean to Be a Star?Hearing the Mindsets5. Business: Mindset and LeadershipEnron and the Talent MindsetOrganizations That GrowA Study of Mindset and Management DecisionsLeadership and the Fixed MindsetFixed-Mindset Leaders in ActionGrowth-Mindset Leaders in ActionA Study of Group ProcessesGroupthink Versus We ThinkAre Leaders Born or Made?6. Relationships: Mindsets In Love (Or Not)Relationships Are DifferentMindsets Falling in LoveThe Partner as EnemyCompetition: Who's The Greatest?Developing in RelationshipsFriendshipShynessBullies and Victims: Revenge Revisited7. Parents, Teachers, And Coaches:   Where Do Mindsets Come From?Parents (and... Belief and doubt, Nonfiction, Psychological aspects, Psychological aspects of Success, Psychology, Success, Selbstbild, Erfolg, Attitude, Set (Psychology), Achievement, Success, psychological aspects, Self-confidence, Self-actualization (psychology), Achievement motivation, Croyance et doute, Succès, Aspect psychologique, Cognitive Psychology, SCIENCE, Cognitive Science, Success--psychological aspects, Business & economics / personal success, Psychology / social psychology, Self-help / personal growth / success, Bf773 .d85 2016, 153.8, Éxito, Aspectos psicológicos, Creencia y duda, Psychology Set"
Dark Psychology and Manipulation,William Cooper,2020.0,15131420.0,/works/OL25907018W,https://covers.openlibrary.org/b/id/15131420-M.jpg,,,Dark Psychology and Manipulation William Cooper  
Social psychology,David G. Myers,1983.0,3729961.0,/works/OL14859352W,https://covers.openlibrary.org/b/id/3729961-M.jpg,,"Social psychology, Sociale psychologie, open_syllabus_project, Einfuhrung, Sozialpsychologie, Psychologie sociale, 77.60 social psychology: general, Einführung","Social psychology David G. Myers  Social psychology, Sociale psychologie, open_syllabus_project, Einfuhrung, Sozialpsychologie, Psychologie sociale, 77.60 social psychology: general, Einführung"
Abnormal psychology and modern life,"Robert C. Carson, Robert S. Carson, James Neal Butcher",1988.0,191739.0,/works/OL2679459W,https://covers.openlibrary.org/b/id/191739-M.jpg,,"Psychopathology, Textbooks, Psychiatrie, Psicologia clinica, Psychopathologie, Psychology textbooks, Humanities textbooks, Psychiatry, Mental Disorders, Psychothérapie, Pathological Psychology, Psychische stoornissen, Abnormal Psychology, Psychotherapy, Psychology, Mental Illness, Psychology, pathological","Abnormal psychology and modern life Robert C. Carson, Robert S. Carson, James Neal Butcher  Psychopathology, Textbooks, Psychiatrie, Psicologia clinica, Psychopathologie, Psychology textbooks, Humanities textbooks, Psychiatry, Mental Disorders, Psychothérapie, Pathological Psychology, Psychische stoornissen, Abnormal Psychology, Psychotherapy, Psychology, Mental Illness, Psychology, pathological"
Cognitive Psychology,Kathleen M. Galotti,1994.0,7369842.0,/works/OL1909049W,https://covers.openlibrary.org/b/id/7369842-M.jpg,,"Kognitive Psychologie, Cognitive psychology, Textbooks, Cognition, Psychology textbooks, Case studies, Humanities textbooks, Cognitie, Psychologie cognitive, Manuels d'enseignement supérieur, Bf201 .g35 2008, 153","Cognitive Psychology Kathleen M. Galotti  Kognitive Psychologie, Cognitive psychology, Textbooks, Cognition, Psychology textbooks, Case studies, Humanities textbooks, Cognitie, Psychologie cognitive, Manuels d'enseignement supérieur, Bf201 .g35 2008, 153"
Dark Psychology : This Book Includes,Jonathan Mind,2019.0,0.0,/works/OL21879731W,,,,Dark Psychology : This Book Includes Jonathan Mind  
Social psychology,"Eliot R. Smith, Diane M. Mackie",2000.0,2018471.0,/works/OL18574558W,https://covers.openlibrary.org/b/id/2018471-M.jpg,,"Social psychology, Social, group or collective psychology, Psychology, Psychology & Psychiatry / Social Psychology, Psychologie sociale, Sociale psychologie","Social psychology Eliot R. Smith, Diane M. Mackie  Social psychology, Social, group or collective psychology, Psychology, Psychology & Psychiatry / Social Psychology, Psychologie sociale, Sociale psychologie"
The Psychology of Selling,Brian Tracy,1986.0,13270498.0,/works/OL2392356W,https://covers.openlibrary.org/b/id/13270498-M.jpg,"Ben shu nei rong bao kuo:xiao shou de nei zai bo yi,She li bing shi xian quan bu xiao shou mu biao,Ren men yin he er gou mai,Chuang yi xiao shou,Yue jian geng duo de ke hu,Cheng gong xiao shou de shi da guan jian deng.","Selling, Handbooks, manuals, Psychological aspects of Selling, Psychological aspects, Handbooks, manuals, etc, Vente, Aspect psychologique, Guides, manuels, Success in business, Shang ye xin li xue, Xiao shou","The Psychology of Selling Brian Tracy Ben shu nei rong bao kuo:xiao shou de nei zai bo yi,She li bing shi xian quan bu xiao shou mu biao,Ren men yin he er gou mai,Chuang yi xiao shou,Yue jian geng duo de ke hu,Cheng gong xiao shou de shi da guan jian deng. Selling, Handbooks, manuals, Psychological aspects of Selling, Psychological aspects, Handbooks, manuals, etc, Vente, Aspect psychologique, Guides, manuels, Success in business, Shang ye xin li xue, Xiao shou"
Introduction to psychology,James W. Kalat,1986.0,1273675.0,/works/OL1953930W,https://covers.openlibrary.org/b/id/1273675-M.jpg,,"Psychology, Textbooks, Psychology textbooks, Humanities textbooks, Psychology [MESH]","Introduction to psychology James W. Kalat  Psychology, Textbooks, Psychology textbooks, Humanities textbooks, Psychology [MESH]"
Child psychology,"Ross Vasta, Marshall M. Haith, Scott A. Miller",1992.0,301259.0,/works/OL1945143W,https://covers.openlibrary.org/b/id/301259-M.jpg,,"Textbooks, Ontwikkelingspsychologie, Einführung, Kinderpsychologie, Psychology textbooks, Psychologie, Humanities textbooks, Développement, Child Psychology, Enfants, Child & developmental psychology","Child psychology Ross Vasta, Marshall M. Haith, Scott A. Miller  Textbooks, Ontwikkelingspsychologie, Einführung, Kinderpsychologie, Psychology textbooks, Psychologie, Humanities textbooks, Développement, Child Psychology, Enfants, Child & developmental psychology"
Human psychology,Howard C. Warren,1919.0,15136248.0,/works/OL12088224W,https://covers.openlibrary.org/b/id/15136248-M.jpg,,,Human psychology Howard C. Warren  
Carl Jung and soul psychology,"E. Mark Stern, Karen Gibson",1987.0,1614771.0,/works/OL18329526W,https://covers.openlibrary.org/b/id/1614771-M.jpg,,"Psychotherapy, Psychoanalysis, Aufsatzsammlung, History, Psychologie, Seele, Jungian Theory, Jung, c. g. (carl gustav), 1875-1961, Psychanalyse","Carl Jung and soul psychology E. Mark Stern, Karen Gibson  Psychotherapy, Psychoanalysis, Aufsatzsammlung, History, Psychologie, Seele, Jungian Theory, Jung, c. g. (carl gustav), 1875-1961, Psychanalyse"
Experimental psychology,"Barry H. Kantowitz, Henry L. Roediger, David G. Elmes",1978.0,14624179.0,/works/OL3288843W,https://covers.openlibrary.org/b/id/14624179-M.jpg,,"Psychology, Experimental, Psychology, Experimentele psychologie, Textbooks, Research, Experimental Psychology, Research & Methodology, Psychology & Psychiatry / Research, Psychology, research","Experimental psychology Barry H. Kantowitz, Henry L. Roediger, David G. Elmes  Psychology, Experimental, Psychology, Experimentele psychologie, Textbooks, Research, Experimental Psychology, Research & Methodology, Psychology & Psychiatry / Research, Psychology, research"
The psychology of investing,John R. Nofsinger,2010.0,8873903.0,/works/OL18642297W,https://covers.openlibrary.org/b/id/8873903-M.jpg,,"Investments, Psychological aspects, Investissements, Aspect psychologique, Investition, Psychologie","The psychology of investing John R. Nofsinger  Investments, Psychological aspects, Investissements, Aspect psychologique, Investition, Psychologie"
Educational Psychology,Educational psychology.,1970.0,0.0,/works/OL13550866W,,,Psychologie pédagogique,Educational Psychology Educational psychology.  Psychologie pédagogique
Manipulation,Modern Psychology Publishing,2019.0,13277496.0,/works/OL30147194W,https://covers.openlibrary.org/b/id/13277496-M.jpg,,,Manipulation Modern Psychology Publishing  
Psychology for dummies,"Adam Cash, Dummies Press",2002.0,521904.0,/works/OL4884928W,https://covers.openlibrary.org/b/id/521904-M.jpg,,"Psychology, Popular psychology, Psychology (General), General, Psychology & Psychiatry / General","Psychology for dummies Adam Cash, Dummies Press  Psychology, Popular psychology, Psychology (General), General, Psychology & Psychiatry / General"
Educational psychology,N. L. Gage,1975.0,14621523.0,/works/OL1413408W,https://covers.openlibrary.org/b/id/14621523-M.jpg,,"Handboeken (vorm), Educational tests and measurements, Educational psychology, Textbooks, Onderwijspsychologie, Psychology textbooks, Training of, Humanities textbooks, Teachers, Effective teaching, Pädagogische Psychologie, Psychopédagogie, Neveléslélektan, Einfuhrung, Padagogische Psychologie, Teachers, training of, united states","Educational psychology N. L. Gage  Handboeken (vorm), Educational tests and measurements, Educational psychology, Textbooks, Onderwijspsychologie, Psychology textbooks, Training of, Humanities textbooks, Teachers, Effective teaching, Pädagogische Psychologie, Psychopédagogie, Neveléslélektan, Einfuhrung, Padagogische Psychologie, Teachers, training of, united states"
Health Psychology,Edward P. Sarafino,1990.0,1249811.0,/works/OL2676537W,https://covers.openlibrary.org/b/id/1249811-M.jpg,"Edward Sarafino's best-selling health psychology text draws from the current research and theories of many disciplines to describe how psychology and health are interconnected using the biopsychosocial model to synthesize all the information together into a straightforward text. While maintaining the widely praised organization and pedagogy of earlier editions, the author updated each chapter.

Some of the many topics which have been expanded include the following: the coverage of age, gender, and sociocultural differences in health and health promotion, AIDS prevention, psychoneuroimmunology, and methods of coping.","Clinical health psychology, Health Behavior, Behavioral Medicine, Psychologie clinique, Aspect psychologique, 44.07 behavioral medicine, Medische psychologie, Santé, Attitude to Health, Psychosoziale Störung, Psychophysiology, Health Services, Physiologische Psychologie, Life Style, Biological Psychiatry, Gesundheitspsychologie, Médecine et psychologie, Self-care, health, Psychobiology, Sociobiology, Clinical psychology","Health Psychology Edward P. Sarafino Edward Sarafino's best-selling health psychology text draws from the current research and theories of many disciplines to describe how psychology and health are interconnected using the biopsychosocial model to synthesize all the information together into a straightforward text. While maintaining the widely praised organization and pedagogy of earlier editions, the author updated each chapter.

Some of the many topics which have been expanded include the following: the coverage of age, gender, and sociocultural differences in health and health promotion, AIDS prevention, psychoneuroimmunology, and methods of coping. Clinical health psychology, Health Behavior, Behavioral Medicine, Psychologie clinique, Aspect psychologique, 44.07 behavioral medicine, Medische psychologie, Santé, Attitude to Health, Psychosoziale Störung, Psychophysiology, Health Services, Physiologische Psychologie, Life Style, Biological Psychiatry, Gesundheitspsychologie, Médecine et psychologie, Self-care, health, Psychobiology, Sociobiology, Clinical psychology"
Summary the Psychology of Money,Book PRO,2022.0,0.0,/works/OL27907882W,,,,Summary the Psychology of Money Book PRO  
Psychology of adjustment and human relationships,James F. Calhoun,1978.0,4091509.0,/works/OL4793280W,https://covers.openlibrary.org/b/id/4091509-M.jpg,,"Adjustment (Psychology), Behaviorism (Psychology), Humanistic psychology, Interpersonal relations, Psychological Adaptation, Adjustment (psychology)","Psychology of adjustment and human relationships James F. Calhoun  Adjustment (Psychology), Behaviorism (Psychology), Humanistic psychology, Interpersonal relations, Psychological Adaptation, Adjustment (psychology)"
Abnormal Psychology,Richard P. Halgin,1993.0,4264128.0,/works/OL3373760W,https://covers.openlibrary.org/b/id/4264128-M.jpg,,"Social psychology, Mental illness, Psychology, Pathological, Pathological Psychology, Mental Disorders, Psychopathology, Clinical Psychology, Psychopathology - general & miscellaneous, Psychology &amp; psychiatry, General","Abnormal Psychology Richard P. Halgin  Social psychology, Mental illness, Psychology, Pathological, Pathological Psychology, Mental Disorders, Psychopathology, Clinical Psychology, Psychopathology - general & miscellaneous, Psychology &amp; psychiatry, General"
Psychology,"Michael W. Passer, Ronald E. Smith",2002.0,4948099.0,/works/OL5845384W,https://covers.openlibrary.org/b/id/4948099-M.jpg,"""The study of psychology is a journey with many destinations. The Third Canadian Edition of Psychology: Frontiers and Applications has been created to be your companion on this journey. The text's hallmarks (readability, Canadian content, appealing design), pedagogy (Problem-Based Learning and boxes focused on groundbreaking research, emerging studies, and applications of psychology in the real world), and renowned content are all designed to guide the student of psychology along this ongoing journey. In this new edition, the Passer journey expands to include the rapidly evolving realm of neuroscience.""--pub. desc.","Psychology, Textbooks","Psychology Michael W. Passer, Ronald E. Smith ""The study of psychology is a journey with many destinations. The Third Canadian Edition of Psychology: Frontiers and Applications has been created to be your companion on this journey. The text's hallmarks (readability, Canadian content, appealing design), pedagogy (Problem-Based Learning and boxes focused on groundbreaking research, emerging studies, and applications of psychology in the real world), and renowned content are all designed to guide the student of psychology along this ongoing journey. In this new edition, the Passer journey expands to include the rapidly evolving realm of neuroscience.""--pub. desc. Psychology, Textbooks"
Introduction to psychology,Ernest Ropiequet Hilgard,1953.0,6979206.0,/works/OL3961247W,https://covers.openlibrary.org/b/id/6979206-M.jpg,Introduces contemporary psychology to the beginning student.,"Psychology, Psicologia, Einführung, Textbooks, Psychology textbooks, Psychologie, Humanities textbooks","Introduction to psychology Ernest Ropiequet Hilgard Introduces contemporary psychology to the beginning student. Psychology, Psicologia, Einführung, Textbooks, Psychology textbooks, Psychologie, Humanities textbooks"
Psychology of Gender,Vicki S. Helgeson,2001.0,1107082.0,/works/OL7944615W,https://covers.openlibrary.org/b/id/1107082-M.jpg,,"Sex differences (Psychology), Sex role, Gender identity","Psychology of Gender Vicki S. Helgeson  Sex differences (Psychology), Sex role, Gender identity"
Psychology Show Videotape with Guide,Psychology,1993.0,0.0,/works/OL9339123W,,,,Psychology Show Videotape with Guide Psychology  
Forensic and legal psychology,Mark Costanzo,2010.0,8650314.0,/works/OL16297914W,https://covers.openlibrary.org/b/id/8650314-M.jpg,,"Expert Evidence, Forensic psychology, Criminal psychology, Evidence, expert","Forensic and legal psychology Mark Costanzo  Expert Evidence, Forensic psychology, Criminal psychology, Evidence, expert"
Dream Psychology,Sigmund Freud,1920.0,2714497.0,/works/OL1069659W,https://covers.openlibrary.org/b/id/2714497-M.jpg,,"Psychoanalysis, Dreams, Nonfiction, Psychology, Psicoana lisis","Dream Psychology Sigmund Freud  Psychoanalysis, Dreams, Nonfiction, Psychology, Psicoana lisis"
Understanding the Psychology of Money,Hardy L. LESLIE,2021.0,0.0,/works/OL27909380W,,,,Understanding the Psychology of Money Hardy L. LESLIE  
Forensic Psychology,Joanna Pozzulo,2000.0,10130881.0,/works/OL20826803W,https://covers.openlibrary.org/b/id/10130881-M.jpg,,Forensic psychology,Forensic Psychology Joanna Pozzulo  Forensic psychology
Psychology,Benjamin B. Lahey,1986.0,446074.0,/works/OL3371329W,https://covers.openlibrary.org/b/id/446074-M.jpg,,"Psychology, Textbooks, Psychologie","Psychology Benjamin B. Lahey  Psychology, Textbooks, Psychologie"
Educational Psychology,Edward Lee Thorndike,1970.0,10879289.0,/works/OL24353732W,https://covers.openlibrary.org/b/id/10879289-M.jpg,,,Educational Psychology Edward Lee Thorndike  
Psychology,Gregory J. Feist,2010.0,10258371.0,/works/OL5827438W,https://covers.openlibrary.org/b/id/10258371-M.jpg,"Introduction to psychology -- Conducting research in psychology -- The biology of behaviour -- Sensing and perceiving our world -- Consciousness -- Memory -- Learning -- Language and thought -- Intelligence, problem solving, and creativity -- Human development -- Motivation and emotion -- Stress and health -- Personality: the uniqueness of the individual -- Social behaviour -- Psychological disorders -- Treatment of psychological disorders.","Psychology, Textbooks","Psychology Gregory J. Feist Introduction to psychology -- Conducting research in psychology -- The biology of behaviour -- Sensing and perceiving our world -- Consciousness -- Memory -- Learning -- Language and thought -- Intelligence, problem solving, and creativity -- Human development -- Motivation and emotion -- Stress and health -- Personality: the uniqueness of the individual -- Social behaviour -- Psychological disorders -- Treatment of psychological disorders. Psychology, Textbooks"
Toward a new psychology of women,Jean Baker Miller,1976.0,5427396.0,/works/OL2658742W,https://covers.openlibrary.org/b/id/5427396-M.jpg,Examines traditional masculine and feminine stereotypes and argues for a redefinition and recognition of the creative strengths of women.,"Femininity (Psychology), Psychology, Textbooks, Vrouwen, Psychology textbooks, Psychologie, Humanities textbooks, Femmes, Women, Women -- psychology, Frau, Women, psychology, Identity","Toward a new psychology of women Jean Baker Miller Examines traditional masculine and feminine stereotypes and argues for a redefinition and recognition of the creative strengths of women. Femininity (Psychology), Psychology, Textbooks, Vrouwen, Psychology textbooks, Psychologie, Humanities textbooks, Femmes, Women, Women -- psychology, Frau, Women, psychology, Identity"
Psychology,"Neil R. Carlson, William Buskist, Mary Carlson",1984.0,136937.0,/works/OL1957764W,https://covers.openlibrary.org/b/id/136937-M.jpg,,"Psychology, Textbooks, Psychophysiologie, Psychology textbooks, Psychologie, Humanities textbooks, Neuropsychologie, Guides, manuels","Psychology Neil R. Carlson, William Buskist, Mary Carlson  Psychology, Textbooks, Psychophysiologie, Psychology textbooks, Psychologie, Humanities textbooks, Neuropsychologie, Guides, manuels"
Counselling Psychology,"Nayayana S. Rao, S. Narayana Rao",1981.0,0.0,/works/OL9306311W,,,,"Counselling Psychology Nayayana S. Rao, S. Narayana Rao  "
Social psychology,Robert A. Baron,1974.0,5039522.0,/works/OL24851659W,https://covers.openlibrary.org/b/id/5039522-M.jpg,"The 11th edition of 'Social Psychology' builds on a tradition of excellence that has set the mark for others to follow. Impeccable research, comprehensive coverage and superb writing are the hallmarks of Baron, Byrne & Branscombe's 'Social Psychology'.","Social psychology, Sociale psychologie, Psychosociologie, Méthodologie, Perception sociale, Comportement social, Préjugé, Violence, Relation interpersonnelle, Genre, Einführung, Sozialpsychologie","Social psychology Robert A. Baron The 11th edition of 'Social Psychology' builds on a tradition of excellence that has set the mark for others to follow. Impeccable research, comprehensive coverage and superb writing are the hallmarks of Baron, Byrne & Branscombe's 'Social Psychology'. Social psychology, Sociale psychologie, Psychosociologie, Méthodologie, Perception sociale, Comportement social, Préjugé, Violence, Relation interpersonnelle, Genre, Einführung, Sozialpsychologie"
The standard edition of the complete psychological works of Sigmund Freud,Sigmund Freud,1900.0,5349104.0,/works/OL1069680W,https://covers.openlibrary.org/b/id/5349104-M.jpg,,"Psychoanalysis, Psychiatry, Psychothérapie, Psychoanalyse, Psychanalyse, Bibliographie, Freud, sigmund, 1856-1939, Manners and customs, Fiction","The standard edition of the complete psychological works of Sigmund Freud Sigmund Freud  Psychoanalysis, Psychiatry, Psychothérapie, Psychoanalyse, Psychanalyse, Bibliographie, Freud, sigmund, 1856-1939, Manners and customs, Fiction"
Motivation,Lambert Deckers,2000.0,1144736.0,/works/OL8023880W,https://covers.openlibrary.org/b/id/1144736-M.jpg,,"Motivation (Psychology), Textbooks, Motivation (psychology)","Motivation Lambert Deckers  Motivation (Psychology), Textbooks, Motivation (psychology)"
Biological Psychology,James W. Kalat,1997.0,10190515.0,/works/OL1953913W,https://covers.openlibrary.org/b/id/10190515-M.jpg,,"Neuropsychology, Psychobiology, Textbooks","Biological Psychology James W. Kalat  Neuropsychology, Psychobiology, Textbooks"
Psychology,"Philip G. Zimbardo, Ann L. Weber, Robert L. Johnson",1994.0,137904.0,/works/OL23491W,https://covers.openlibrary.org/b/id/137904-M.jpg,,"Psychology, Textbooks, Psychologie, Einführung","Psychology Philip G. Zimbardo, Ann L. Weber, Robert L. Johnson  Psychology, Textbooks, Psychologie, Einführung"
Experience psychology,"Laura King, Laura A. King",2010.0,12644846.0,/works/OL9761658W,https://covers.openlibrary.org/b/id/12644846-M.jpg,,Psychology,"Experience psychology Laura King, Laura A. King  Psychology"
Abnormal psychology and modern life,James C. Coleman,1950.0,6725342.0,/works/OL2384201W,https://covers.openlibrary.org/b/id/6725342-M.jpg,,"Psychopathology, Textbooks, Psychiatrie, Psychopathologie, Psychothérapie, Mental illness, Psychology textbooks, Humanities textbooks, Psychiatry, Psychology, Pathological, Mental Disorders, Psychotherapy, Pathological Psychology","Abnormal psychology and modern life James C. Coleman  Psychopathology, Textbooks, Psychiatrie, Psychopathologie, Psychothérapie, Mental illness, Psychology textbooks, Humanities textbooks, Psychiatry, Psychology, Pathological, Mental Disorders, Psychotherapy, Pathological Psychology"
Dark Psychology 202,Michael Pace,2017.0,13478713.0,/works/OL32938369W,https://covers.openlibrary.org/b/id/13478713-M.jpg,"You have just picked up the most powerful and life-changing book in the world. By the end of this book, your way of life will be completely different. You will have more power over other people than you ever expected. No one will be able to say no to you. You won’t ever lose a battle or argument again. You will be able to get whatever you want and to change people as you see fit. Basically, this book will make you a God. Are you ready for this kind of power? Dark Psychology 202 is follow up to the hit book Dark Psychology 101. You will learn even more advance techniques for psychological warfare, mind control, manipulation, persuasion, Dark CBT, deception, and seduction than in the first book. This book will catapult you into the amazing realm of control and power over others. No one will be able to stop you now. Whether you use these dark methods for good or evil is up to you. Certainly these methods are not light and they are not jokes. You will have a lot of lethal power by the time you set this book down. So carefully consider how you want to use this power and what your motives are. Life is a game. The better moves you know, the more likely you are to win at it. You can use this book as a play book for how to win at life. Be ruthless and don’t feel guilty for using the power that you gain from Dark Psychology 202. You deserve whatever you desire.",,"Dark Psychology 202 Michael Pace You have just picked up the most powerful and life-changing book in the world. By the end of this book, your way of life will be completely different. You will have more power over other people than you ever expected. No one will be able to say no to you. You won’t ever lose a battle or argument again. You will be able to get whatever you want and to change people as you see fit. Basically, this book will make you a God. Are you ready for this kind of power? Dark Psychology 202 is follow up to the hit book Dark Psychology 101. You will learn even more advance techniques for psychological warfare, mind control, manipulation, persuasion, Dark CBT, deception, and seduction than in the first book. This book will catapult you into the amazing realm of control and power over others. No one will be able to stop you now. Whether you use these dark methods for good or evil is up to you. Certainly these methods are not light and they are not jokes. You will have a lot of lethal power by the time you set this book down. So carefully consider how you want to use this power and what your motives are. Life is a game. The better moves you know, the more likely you are to win at it. You can use this book as a play book for how to win at life. Be ruthless and don’t feel guilty for using the power that you gain from Dark Psychology 202. You deserve whatever you desire. "
Dark Psychology Techniques : Manipulation Techniques in Dark Psychology,Jonathon Hannegan,2021.0,0.0,/works/OL35861971W,,,,Dark Psychology Techniques : Manipulation Techniques in Dark Psychology Jonathon Hannegan  
The Psychology of Winning,Denis Waitley,1979.0,270328.0,/works/OL2410311W,https://covers.openlibrary.org/b/id/270328-M.jpg,,"Self-actualization (Psychology), Success, Psychology","The Psychology of Winning Denis Waitley  Self-actualization (Psychology), Success, Psychology"
Research in psychology,C. James Goodwin,1995.0,1249482.0,/works/OL1816849W,https://covers.openlibrary.org/b/id/1249482-M.jpg,,"Psychology, Experimentele psychologie, Textbooks, Onderzoeksmethoden, Wetenschappelijke technieken, Research, Psychology textbooks, Methodology, Psychologie, Humanities textbooks, Experimental Psychology, 77.04 methods and techniques in psychology: general, Psychology, research, Psychology, experimental, Psychology, methodology, Psychology, study and teaching","Research in psychology C. James Goodwin  Psychology, Experimentele psychologie, Textbooks, Onderzoeksmethoden, Wetenschappelijke technieken, Research, Psychology textbooks, Methodology, Psychologie, Humanities textbooks, Experimental Psychology, 77.04 methods and techniques in psychology: general, Psychology, research, Psychology, experimental, Psychology, methodology, Psychology, study and teaching"
Abnormal psychology,"David H. Barlow, V. Mark Durand",1995.0,363566.0,/works/OL1885798W,https://covers.openlibrary.org/b/id/363566-M.jpg,,"Mental illness, Pathological Psychology, Psychopathology, Mental Disorders, Psychopathologie, Einfuhrung, Maladies mentales, Klinische Psychologie, Psychology, pathological, Textbooks, Mentally Ill Persons, Psychology","Abnormal psychology David H. Barlow, V. Mark Durand  Mental illness, Pathological Psychology, Psychopathology, Mental Disorders, Psychopathologie, Einfuhrung, Maladies mentales, Klinische Psychologie, Psychology, pathological, Textbooks, Mentally Ill Persons, Psychology"
... Trotzdem Ja zum Leben sagen,Viktor E. Frankl,1946.0,8516506.0,/works/OL1268413W,https://covers.openlibrary.org/b/id/8516506-M.jpg,"Psychiatrist Viktor Frankl's memoir has riveted generations of readers with its descriptions of life in Nazi death camps and its lessons for spiritual survival. Based on his own experience and the stories of his patients, Frankl argues that we cannot avoid suffering but we can choose how to cope with it, find meaning in it, and move forward with renewed purpose. At the heart of his theory, known as logotherapy, is a conviction that the primary human drive is not pleasure but the pursuit of what we find meaningful. Man's Search for Meaning has become one of the most influential books in America; it continues to inspire us all to find significance in the very act of living. [**Man’s Search for Meaning pdf**](https://chesserresources.com/doc/mans-search-for-meaning-2/)","Nazi concentration camps, psychotherapy, meaning of life, freedom of choice, kapo, Konzentrationslager, Erlebnisbericht, spirituality, war and conflict, autobiography, Biography, Concentration camps, Existentialism, German Prisoners and prisons, Holocaust, Jewish (1939-1945), Logotherapy, Personal narratives, Prison psychology, Prisoners and prisons, German, Psychological aspects, Psychological aspects of Concentration camps, Psychological aspects of Holocaust, Jewish (1939-1945), Psychologists, World War, 1939-1945, Psychoanalytic Therapy, War, Prisons, Meaning (Psychology), Concentration camp inmates, Camps de concentration, Psychologie, Prisonniers, Logothérapie, Guerre mondiale, 1939-1945, Prisonniers et prisons des Allemands, Existentialisme, Koncentrationsläger, PSYCHOLOGY, Holocaust, 1939-1945, Social Psychology, Counseling, Holocaust, jewish (1939-1945), personal narratives, Holocaust, jewish (1939-1945), psychological aspects, Psychologists, biography, Austria, biography, Frankl, viktor emil, 1905-1997, Jing shen fen xi, Holocaust, Jewish (1939-1945) fast (OCoLC)fst00958866, Fen xi xin li xue, Psychiatrie, Aspect psychologique, Biographies, Recits personnels, Sens (philosophie), Holocauste, 1939-1945, Logotherapie, Psychologues, Psicoterapia, Logoterapia, Existential psychotherapy, Existentiell psykoterapi, Logoterapi, Livets mening, Psykologiska aspekter, Förintelsen, Internal medicine, Shoah, Récits personnels, Nazi concentration camp inmates, Holocausto, judío (1939-1945), Narrativas personales, Aspectos psicológicos, X, Biografía, Significación (Psicología), Biografías, Organization & administration, Existential psychology, Correspondence, Drama, Pathological Psychology, Psychoanalysis and philosophy, Psychiatrists & psychologists - biography, Holocaust - personal narratives, Holocaust biographies, Individual psychologists, Holocaust - study & teaching, Collected Works, Warfare","... Trotzdem Ja zum Leben sagen Viktor E. Frankl Psychiatrist Viktor Frankl's memoir has riveted generations of readers with its descriptions of life in Nazi death camps and its lessons for spiritual survival. Based on his own experience and the stories of his patients, Frankl argues that we cannot avoid suffering but we can choose how to cope with it, find meaning in it, and move forward with renewed purpose. At the heart of his theory, known as logotherapy, is a conviction that the primary human drive is not pleasure but the pursuit of what we find meaningful. Man's Search for Meaning has become one of the most influential books in America; it continues to inspire us all to find significance in the very act of living. [**Man’s Search for Meaning pdf**](https://chesserresources.com/doc/mans-search-for-meaning-2/) Nazi concentration camps, psychotherapy, meaning of life, freedom of choice, kapo, Konzentrationslager, Erlebnisbericht, spirituality, war and conflict, autobiography, Biography, Concentration camps, Existentialism, German Prisoners and prisons, Holocaust, Jewish (1939-1945), Logotherapy, Personal narratives, Prison psychology, Prisoners and prisons, German, Psychological aspects, Psychological aspects of Concentration camps, Psychological aspects of Holocaust, Jewish (1939-1945), Psychologists, World War, 1939-1945, Psychoanalytic Therapy, War, Prisons, Meaning (Psychology), Concentration camp inmates, Camps de concentration, Psychologie, Prisonniers, Logothérapie, Guerre mondiale, 1939-1945, Prisonniers et prisons des Allemands, Existentialisme, Koncentrationsläger, PSYCHOLOGY, Holocaust, 1939-1945, Social Psychology, Counseling, Holocaust, jewish (1939-1945), personal narratives, Holocaust, jewish (1939-1945), psychological aspects, Psychologists, biography, Austria, biography, Frankl, viktor emil, 1905-1997, Jing shen fen xi, Holocaust, Jewish (1939-1945) fast (OCoLC)fst00958866, Fen xi xin li xue, Psychiatrie, Aspect psychologique, Biographies, Recits personnels, Sens (philosophie), Holocauste, 1939-1945, Logotherapie, Psychologues, Psicoterapia, Logoterapia, Existential psychotherapy, Existentiell psykoterapi, Logoterapi, Livets mening, Psykologiska aspekter, Förintelsen, Internal medicine, Shoah, Récits personnels, Nazi concentration camp inmates, Holocausto, judío (1939-1945), Narrativas personales, Aspectos psicológicos, X, Biografía, Significación (Psicología), Biografías, Organization & administration, Existential psychology, Correspondence, Drama, Pathological Psychology, Psychoanalysis and philosophy, Psychiatrists & psychologists - biography, Holocaust - personal narratives, Holocaust biographies, Individual psychologists, Holocaust - study & teaching, Collected Works, Warfare"
Abnormal psychology,"Thomas F. Oltmanns, Robert E. Emery",1995.0,88754.0,/works/OL1943851W,https://covers.openlibrary.org/b/id/88754-M.jpg,,"Mental illness, Pathological Psychology, Psychology, Pathological, Psychopathology, Maladies mentales, Disturbios mentais, Psychopathologie, Psicobiologia, Mental Disorders, Psychology, pathological, Psychology","Abnormal psychology Thomas F. Oltmanns, Robert E. Emery  Mental illness, Pathological Psychology, Psychology, Pathological, Psychopathology, Maladies mentales, Disturbios mentais, Psychopathologie, Psicobiologia, Mental Disorders, Psychology, pathological, Psychology"
Advances in Psychology Research,Alexandra M. Columbus,2008.0,9030896.0,/works/OL20364321W,https://covers.openlibrary.org/b/id/9030896-M.jpg,,"Psychology, research, Psychology, Psychology, methodology","Advances in Psychology Research Alexandra M. Columbus  Psychology, research, Psychology, Psychology, methodology"
Foundations of behavioral research,Fred N. Kerlinger,1964.0,10313116.0,/works/OL58584W,https://covers.openlibrary.org/b/id/10313116-M.jpg,"For the graduate level course in research methods that can be found in either psychology or education departments. This text examines the fundamentals of solving a scientific research problem, focusing on the relationship between the problem and the research design. This edition includes new information about computer statistical software, multivariate statistics, research ethics, and writing research reports in APA style. This book is ideal for graduate students in that it covers statistics, research methodology, and measurement all in one volume. This is a book that graduate students will keep as a reference throughout their careers.","Psychology, Research, Statistical methods, Sociology, Educational psychology, Behavior, Behavioral Sciences, Methods","Foundations of behavioral research Fred N. Kerlinger For the graduate level course in research methods that can be found in either psychology or education departments. This text examines the fundamentals of solving a scientific research problem, focusing on the relationship between the problem and the research design. This edition includes new information about computer statistical software, multivariate statistics, research ethics, and writing research reports in APA style. This book is ideal for graduate students in that it covers statistics, research methodology, and measurement all in one volume. This is a book that graduate students will keep as a reference throughout their careers. Psychology, Research, Statistical methods, Sociology, Educational psychology, Behavior, Behavioral Sciences, Methods"
The Person,Dan P. McAdams,1990.0,4575283.0,/works/OL3352787W,https://covers.openlibrary.org/b/id/4575283-M.jpg,,"Personality, Textbooks, Personlighetspsykologi, Personality development, Personnalité, Psychologie, Persoonlijkheidstheorieën","The Person Dan P. McAdams  Personality, Textbooks, Personlighetspsykologi, Personality development, Personnalité, Psychologie, Persoonlijkheidstheorieën"
Positive psychology,Steve R. Baumgardner,2009.0,5990433.0,/works/OL5491766W,https://covers.openlibrary.org/b/id/5990433-M.jpg,,"Positive psychology, Psychology","Positive psychology Steve R. Baumgardner  Positive psychology, Psychology"
Experimental psychology,Anne Myers,1980.0,14614964.0,/works/OL1732732W,https://covers.openlibrary.org/b/id/14614964-M.jpg,,"Textbooks, Psychology textbooks, Humanities textbooks, Experimental Psychology, Psychology, experimental","Experimental psychology Anne Myers  Textbooks, Psychology textbooks, Humanities textbooks, Experimental Psychology, Psychology, experimental"
Towards a psychology of being.,Abraham H. Maslow,1962.0,9644293.0,/works/OL1807535W,https://covers.openlibrary.org/b/id/9644293-M.jpg,"In this second edition of Toward A Psychology of Being, there is a constant optimistic thrust toward a future based on the intrinsic values of humanity.","Textbooks, Zelfverwerkelijking, Humanistische psychologie, Psychology textbooks, Motivation (Psychology), Humanities textbooks, Humanistic psychology, Motivation (Psychologie), Psychologie humaniste, Personnalité, Personality, Motivation, Einführung, 77.21 humanistic psychology, Ego, Psychology","Towards a psychology of being. Abraham H. Maslow In this second edition of Toward A Psychology of Being, there is a constant optimistic thrust toward a future based on the intrinsic values of humanity. Textbooks, Zelfverwerkelijking, Humanistische psychologie, Psychology textbooks, Motivation (Psychology), Humanities textbooks, Humanistic psychology, Motivation (Psychologie), Psychologie humaniste, Personnalité, Personality, Motivation, Einführung, 77.21 humanistic psychology, Ego, Psychology"
Forty studies that changed psychology,Roger R. Hock,1992.0,86492.0,/works/OL1845342W,https://covers.openlibrary.org/b/id/86492-M.jpg,"""Forty Studies That Changed Psychology explains 40 influential studies of human behavior during psychology's history. Each study includes an overview and history, and presents the theories underlying the research, research design and methods, results, and interpretation of findings. Sections explore the study's significance to the field, and discuss criticism and subsequent research as well as recent applications of the research.""--BOOK JACKET.","History, Psychology, Textbooks, Experiments, Research, Long Now Manual for Civilization, Psychology, history, Psychology, research, Literary collections","Forty studies that changed psychology Roger R. Hock ""Forty Studies That Changed Psychology explains 40 influential studies of human behavior during psychology's history. Each study includes an overview and history, and presents the theories underlying the research, research design and methods, results, and interpretation of findings. Sections explore the study's significance to the field, and discuss criticism and subsequent research as well as recent applications of the research.""--BOOK JACKET. History, Psychology, Textbooks, Experiments, Research, Long Now Manual for Civilization, Psychology, history, Psychology, research, Literary collections"
Gender,Linda Brannon,1995.0,138134.0,/works/OL1804368W,https://covers.openlibrary.org/b/id/138134-M.jpg,"This book provides a balanced approach to gender study- providing research related to both men and women's issues and encouraging critical thinking about topics that are relevant to all people. This book examines the topic of gender - the behaviors and attitudes that relate (but are not entirely congruent with) biological sex. Research and scholarship form the basis of this book, providing the material for a critical review and an attempt at an overall picture of gender from a psychological perspective. To accent the relevance of research findings in vivid detail, Brannon supplements the review of scholarly research with personal, narrative accounts of gender-relevant aspects of people's lives as well as highlights from a cross-cultural perspective of gender. The personal narrative and diversity highlights help to balance the research-based scholarship with the personal experience of gender. For anyone with an interest in gender studies.","Feminist psychology, Gender identity, Psychology, Sex differences (Psychology), Sex role, Textbooks, Women, Sekserol, Sekseverschillen, Sex Characteristics, Psychologische aspecten, Geschlechterrolle, Geschlechtsunterschied, Psychologie, Women, psychology","Gender Linda Brannon This book provides a balanced approach to gender study- providing research related to both men and women's issues and encouraging critical thinking about topics that are relevant to all people. This book examines the topic of gender - the behaviors and attitudes that relate (but are not entirely congruent with) biological sex. Research and scholarship form the basis of this book, providing the material for a critical review and an attempt at an overall picture of gender from a psychological perspective. To accent the relevance of research findings in vivid detail, Brannon supplements the review of scholarly research with personal, narrative accounts of gender-relevant aspects of people's lives as well as highlights from a cross-cultural perspective of gender. The personal narrative and diversity highlights help to balance the research-based scholarship with the personal experience of gender. For anyone with an interest in gender studies. Feminist psychology, Gender identity, Psychology, Sex differences (Psychology), Sex role, Textbooks, Women, Sekserol, Sekseverschillen, Sex Characteristics, Psychologische aspecten, Geschlechterrolle, Geschlechtsunterschied, Psychologie, Women, psychology"
Health psychology,"David F. Marks, Michael Murray, Brian Evans, Carla Willig",1999.0,1517479.0,/works/OL18302136W,https://covers.openlibrary.org/b/id/1517479-M.jpg,,"Health promotion, Health behavior, Clinical health psychology, Psychological aspects, Personal & public health, Philosophy, Health Policy, Applied Psychology, Psychology, Mental Health, Health/Fitness, Psychology & Psychiatry / General, Ethics & Moral Philosophy, Preventive Medicine, Methods, Behavioral Medicine, Risk Factors, Medicine, Health and Fitness, Hälsofrämjande arbete, Hälsobeteende, Case studies","Health psychology David F. Marks, Michael Murray, Brian Evans, Carla Willig  Health promotion, Health behavior, Clinical health psychology, Psychological aspects, Personal & public health, Philosophy, Health Policy, Applied Psychology, Psychology, Mental Health, Health/Fitness, Psychology & Psychiatry / General, Ethics & Moral Philosophy, Preventive Medicine, Methods, Behavioral Medicine, Risk Factors, Medicine, Health and Fitness, Hälsofrämjande arbete, Hälsobeteende, Case studies"
Other people's money,"Donald Ray Cressey, Donald R. Cressey",1953.0,7922093.0,/works/OL6834774W,https://covers.openlibrary.org/b/id/7922093-M.jpg,,Embezzlement,"Other people's money Donald Ray Cressey, Donald R. Cressey  Embezzlement"
Foundations of physiological psychology,Neil R. Carlson,1988.0,3735794.0,/works/OL1957765W,https://covers.openlibrary.org/b/id/3735794-M.jpg,,"Behavior, Nervous system, Physiology, Psychophysiology, Psychophysiologie, Psychophysiology., Nervous System Physiological Phenomena, Physiologische Psychologie, Neurosciences, Literary collections","Foundations of physiological psychology Neil R. Carlson  Behavior, Nervous system, Physiology, Psychophysiology, Psychophysiologie, Psychophysiology., Nervous System Physiological Phenomena, Physiologische Psychologie, Neurosciences, Literary collections"
Manipulation and Dark Psychology : Manipulation and Dark Psychology,Mark Evans,2019.0,13491928.0,/works/OL26802134W,https://covers.openlibrary.org/b/id/13491928-M.jpg,,Psychology,Manipulation and Dark Psychology : Manipulation and Dark Psychology Mark Evans  Psychology
Educational psychology,"John W. Santrock, Santrock",2001.0,63771.0,/works/OL79238W,https://covers.openlibrary.org/b/id/63771-M.jpg,,"Educational psychology, Learning, Psychology of., Motivation in education, Psychology of Learning, Motivation, Motivation en éducation, Unterricht, Schüler, Lernpsychologie, Apprentissage, Psychologie de l', Psychopédagogie, Educational psychology, Education, Cliff's/ Monarch / Barron's Book Notes, Education / Teaching, Book Notes, Study Aids / Book Notes, General, Onderwijspsychologie, Leren, Motivatie, Lehrbuch, Pädagogische Psychologie, Learning, psychology of","Educational psychology John W. Santrock, Santrock  Educational psychology, Learning, Psychology of., Motivation in education, Psychology of Learning, Motivation, Motivation en éducation, Unterricht, Schüler, Lernpsychologie, Apprentissage, Psychologie de l', Psychopédagogie, Educational psychology, Education, Cliff's/ Monarch / Barron's Book Notes, Education / Teaching, Book Notes, Study Aids / Book Notes, General, Onderwijspsychologie, Leren, Motivatie, Lehrbuch, Pädagogische Psychologie, Learning, psychology of"
Psychology and the human dilemma,Rollo May,1967.0,249116.0,/works/OL3955365W,https://covers.openlibrary.org/b/id/249116-M.jpg,"The development of an existential psychology in America is in good part the work of Rollo May. He helped bring existentialism to psychology some fifteen years ago, and since then his impact has increased each year. As he says here, he isn't an existentialist in a cultist sense. In American psychology, the existential approach is part of a wider trend which includes many views"" (Eugene T. Gendlin, Psychology Today). May's psychology is sometimes referred to as humanistic. He is one of the affirmative, ""third force"" American psychologists who are also critical of the society in which we live. Gendlin writes further: ""In. . . Psychology and the Human Dilemma [1966], May offers a wealth of valid and stimulating ideas in a totally engaging and readable fashion. [The human dilemma is that] man is always both an active subject and a passive object "". . . May [says]: ""Only in knowing ourselves as the determined ones are we free. This last sentence and his many similar discussions seem to mean that we can't help what happens, but only what attitude we take toward what happens. In fact, he means more than this---in taking an attitude toward what happens we change what happens."" In late 1968, May was the subject of an article in the New York Times in which he was said to feel that ""one sign that the modern age is dying is that its myths are dying."" We are at present in a ""limbo"" between myths---the situation in which people become disoriented and ""alienated."" ""In the new myths,"" he said, ""I would think that racial variation will be seen as a positive value, that emphasis on one world will replace fragmented nationalism, and that things will be valued more for their intrinsic worth rather than in use---what they can be banked for.","Addresses, essays, lectures, Psychologie, Psychology, Essays, Bewustzijn, 77.11 psychology of consciousness","Psychology and the human dilemma Rollo May The development of an existential psychology in America is in good part the work of Rollo May. He helped bring existentialism to psychology some fifteen years ago, and since then his impact has increased each year. As he says here, he isn't an existentialist in a cultist sense. In American psychology, the existential approach is part of a wider trend which includes many views"" (Eugene T. Gendlin, Psychology Today). May's psychology is sometimes referred to as humanistic. He is one of the affirmative, ""third force"" American psychologists who are also critical of the society in which we live. Gendlin writes further: ""In. . . Psychology and the Human Dilemma [1966], May offers a wealth of valid and stimulating ideas in a totally engaging and readable fashion. [The human dilemma is that] man is always both an active subject and a passive object "". . . May [says]: ""Only in knowing ourselves as the determined ones are we free. This last sentence and his many similar discussions seem to mean that we can't help what happens, but only what attitude we take toward what happens. In fact, he means more than this---in taking an attitude toward what happens we change what happens."" In late 1968, May was the subject of an article in the New York Times in which he was said to feel that ""one sign that the modern age is dying is that its myths are dying."" We are at present in a ""limbo"" between myths---the situation in which people become disoriented and ""alienated."" ""In the new myths,"" he said, ""I would think that racial variation will be seen as a positive value, that emphasis on one world will replace fragmented nationalism, and that things will be valued more for their intrinsic worth rather than in use---what they can be banked for. Addresses, essays, lectures, Psychologie, Psychology, Essays, Bewustzijn, 77.11 psychology of consciousness"
Human Nature and Conduct An Introduction to Social Psychology,"John Dewey, john dewey , John [1859 - 1952] Dewey",1922.0,1788756.0,/works/OL111293W,https://covers.openlibrary.org/b/id/1788756-M.jpg,"nfluential work by the great educator/philosopher maintains that the key to social psychology lies in an understanding of the many varieties of habit; individual mental activity is guided by subordinate factors of impulse and intelligence. His investigation focuses on three main areas of conduct: habit, impulse, and intelligence, with each factor receiving an incisive treatment.","Ethics, Habit, Philosophy, Problems, exercises, Social psychology, Colección Costumbres, Psychologie sociale, Morale, Sozialpsychologie, Conduct of life, Society, Nonfiction","Human Nature and Conduct An Introduction to Social Psychology John Dewey, john dewey , John [1859 - 1952] Dewey nfluential work by the great educator/philosopher maintains that the key to social psychology lies in an understanding of the many varieties of habit; individual mental activity is guided by subordinate factors of impulse and intelligence. His investigation focuses on three main areas of conduct: habit, impulse, and intelligence, with each factor receiving an incisive treatment. Ethics, Habit, Philosophy, Problems, exercises, Social psychology, Colección Costumbres, Psychologie sociale, Morale, Sozialpsychologie, Conduct of life, Society, Nonfiction"
Psychology and life,"Philip G. Zimbardo, Richard J. Gerrig",1976.0,10357001.0,/works/OL23493W,https://covers.openlibrary.org/b/id/10357001-M.jpg,,"Psychology, Textbooks, Psychology textbooks, Humanities textbooks, Life","Psychology and life Philip G. Zimbardo, Richard J. Gerrig  Psychology, Textbooks, Psychology textbooks, Humanities textbooks, Life"
Educational Psychology,Paul D. Eggen,1992.0,86213.0,/works/OL1868205W,https://covers.openlibrary.org/b/id/86213-M.jpg,,"Educational psychology, Study and teaching (Higher), Case studies, Psychology of Learning, Pa#x1A;dagogische Psychologie, Padagogische Psychologie, Educational psychology, study and teaching, Learning, psychology of, Biochemistry, Organic Chemistry, Chemistry, Psychopédagogie, Étude et enseignement (Supérieur), Apprentissage, Psychologie de l', Cas, Études de, Évaluation de l'apprentissage, Motivation scolaire, Préparation d'examen, Psychologie de l'apprentissage, Praxis series. Professional assessments for beginning teachers","Educational Psychology Paul D. Eggen  Educational psychology, Study and teaching (Higher), Case studies, Psychology of Learning, Pa#x1A;dagogische Psychologie, Padagogische Psychologie, Educational psychology, study and teaching, Learning, psychology of, Biochemistry, Organic Chemistry, Chemistry, Psychopédagogie, Étude et enseignement (Supérieur), Apprentissage, Psychologie de l', Cas, Études de, Évaluation de l'apprentissage, Motivation scolaire, Préparation d'examen, Psychologie de l'apprentissage, Praxis series. Professional assessments for beginning teachers"
Culture and psychology,"David Ricky Matsumoto, David Matsumoto, Linda Juang",1996.0,1274314.0,/works/OL94643W,https://covers.openlibrary.org/b/id/1274314-M.jpg,"xxvi, 483 pages : 26 cm","Ethnopsychology, Culture, Cross-cultural studies, Personality and culture, Intercultural communication, Ethnopsychologie, Cross-culturele psychologie, Personnalite et culture, Communication interculturelle, Etudes transculturelles, General, Psychology & Psychiatry / General, Communication, Personality, Psychology, Psychology &amp; psychiatry","Culture and psychology David Ricky Matsumoto, David Matsumoto, Linda Juang xxvi, 483 pages : 26 cm Ethnopsychology, Culture, Cross-cultural studies, Personality and culture, Intercultural communication, Ethnopsychologie, Cross-culturele psychologie, Personnalite et culture, Communication interculturelle, Etudes transculturelles, General, Psychology & Psychiatry / General, Communication, Personality, Psychology, Psychology &amp; psychiatry"
Từ điển tâm lý học,"Vũ, Dũng (Professor of psychology)",2008.0,0.0,/works/OL18577026W,,Dictionary of Vietnamese psychological terms.,"Dictionaries, Psychology, Vietnamese","Từ điển tâm lý học Vũ, Dũng (Professor of psychology) Dictionary of Vietnamese psychological terms. Dictionaries, Psychology, Vietnamese"
Personality psychology,"Randy J. Larsen, Randall J. Larsen, David M. Buss",1989.0,5430460.0,/works/OL281755W,https://covers.openlibrary.org/b/id/5430460-M.jpg,,"Personality, Textbooks, Personality assessment, Psychology, industrial, Psychology - theory, History & research","Personality psychology Randy J. Larsen, Randall J. Larsen, David M. Buss  Personality, Textbooks, Personality assessment, Psychology, industrial, Psychology - theory, History & research"
Psychology,Robert E. Silverman,1971.0,8577319.0,/works/OL5362674W,https://covers.openlibrary.org/b/id/8577319-M.jpg,,"Psychology, Textbooks, Psychology textbooks, Humanities textbooks","Psychology Robert E. Silverman  Psychology, Textbooks, Psychology textbooks, Humanities textbooks"
Trading for a Living,Alexander Elder,1993.0,305839.0,/works/OL1940236W,https://covers.openlibrary.org/b/id/305839-M.jpg,"Describes the mindset of a successful trader, tells how to use computer analysis to find good trades, and explains how to manage a trading account so as to limit risk.","Options (Finance), Stocks, Futures, Options (Futures)","Trading for a Living Alexander Elder Describes the mindset of a successful trader, tells how to use computer analysis to find good trades, and explains how to manage a trading account so as to limit risk. Options (Finance), Stocks, Futures, Options (Futures)"
The Psychologic Study of Man,John Money,1957.0,0.0,/works/OL450843W,,,Psychology,The Psychologic Study of Man John Money  Psychology
Handbook of psychological assessment,Gary Groth-Marnat,2003.0,304629.0,/works/OL16503971W,https://covers.openlibrary.org/b/id/304629-M.jpg,,"Personality assessment, Psychological tests, Tests psychologiques, Personnalité, Évaluation, PSYCHOLOGY, Assessment, Testing & Measurement, Psychodiagnostiek, Psychologische tests, Test psychologique, Test de personnalité, Méthode d'évaluation, Échelle d'intelligence de Wechsler pour adultes, Évaluation psychologique, Reference, Bf176 .g76 2016, Wm 145 g768h 2016, 150.28/7","Handbook of psychological assessment Gary Groth-Marnat  Personality assessment, Psychological tests, Tests psychologiques, Personnalité, Évaluation, PSYCHOLOGY, Assessment, Testing & Measurement, Psychodiagnostiek, Psychologische tests, Test psychologique, Test de personnalité, Méthode d'évaluation, Échelle d'intelligence de Wechsler pour adultes, Évaluation psychologique, Reference, Bf176 .g76 2016, Wm 145 g768h 2016, 150.28/7"
Empathy,Mark H. Davis,1994.0,1539879.0,/works/OL3965718W,https://covers.openlibrary.org/b/id/1539879-M.jpg,,"Altruism, Empathy, Helping behavior, Social aspects, Social aspects of Helping behavior, Sympathy, Sociology, Finance, Family, Miscellanea, Public Finance, Community, Social classes, Race, Marriage, Social history, Societies, Physiological & neuro-psychology, Social, group or collective psychology, Mental Health, Psychology, Emotions, Medical-Mental Health, Psychology & Psychiatry / Emotions, Nurturing behavior, Empathie, Sympathie, Altruisme, Comportement d'aide, Aspect social","Empathy Mark H. Davis  Altruism, Empathy, Helping behavior, Social aspects, Social aspects of Helping behavior, Sympathy, Sociology, Finance, Family, Miscellanea, Public Finance, Community, Social classes, Race, Marriage, Social history, Societies, Physiological & neuro-psychology, Social, group or collective psychology, Mental Health, Psychology, Emotions, Medical-Mental Health, Psychology & Psychiatry / Emotions, Nurturing behavior, Empathie, Sympathie, Altruisme, Comportement d'aide, Aspect social"
Man for Himself,Erich Fromm,1947.0,5316221.0,/works/OL1184951W,https://covers.openlibrary.org/b/id/5316221-M.jpg,,"Ethics, Humanistic ethics, Professional ethics, Psychologists, Psychology, Psychologische aspecten, Ethiek, Humanism, Morale, Psychologie, Ethik, Psychoanalyse, Sociology, Morale humaniste, PHILOSOPHY, General, Interpersonal Relations, Charakter","Man for Himself Erich Fromm  Ethics, Humanistic ethics, Professional ethics, Psychologists, Psychology, Psychologische aspecten, Ethiek, Humanism, Morale, Psychologie, Ethik, Psychoanalyse, Sociology, Morale humaniste, PHILOSOPHY, General, Interpersonal Relations, Charakter"
Dark Psychology,"Browning, John",2020.0,12117276.0,/works/OL26158600W,https://covers.openlibrary.org/b/id/12117276-M.jpg,,,"Dark Psychology Browning, John  "
Statistical methods for psychology,David C. Howell,1982.0,363898.0,/works/OL1912386W,https://covers.openlibrary.org/b/id/363898-M.jpg,CD-ROM contains: Data sets from text.,"Statistical methods, Methods, Psychométrie, Textbooks, Psychometrics, Statistics textbooks, Psychology textbooks, Psychologie, Humanities textbooks, open_syllabus_project, Mathematics textbooks, Statistik, Psychology, Statistischer Test, Psychometrie, Statistische methoden, Mathematics, Probability & statistics, Psychology, methodology","Statistical methods for psychology David C. Howell CD-ROM contains: Data sets from text. Statistical methods, Methods, Psychométrie, Textbooks, Psychometrics, Statistics textbooks, Psychology textbooks, Psychologie, Humanities textbooks, open_syllabus_project, Mathematics textbooks, Statistik, Psychology, Statistischer Test, Psychometrie, Statistische methoden, Mathematics, Probability & statistics, Psychology, methodology"
Developmental psychology,Elizabeth B. Hurlock,1959.0,13735612.0,/works/OL9176808W,https://covers.openlibrary.org/b/id/13735612-M.jpg,,"Developmental psychology, Psychologie développementale","Developmental psychology Elizabeth B. Hurlock  Developmental psychology, Psychologie développementale"
Developmental psychology,David R. Shaffer,1985.0,363685.0,/works/OL25638W,https://covers.openlibrary.org/b/id/363685-M.jpg,,"Adolescent psychology, Child development, Child psychology, Developmental psychology, Entwicklungspsychologie, Textbooks, Enfants, Ontwikkelingspsychologie, Psychologie du développement, Psychologie, Développement, 77.53 developmental psychology, Adolescents, Problems, exercises, Examinations, questions","Developmental psychology David R. Shaffer  Adolescent psychology, Child development, Child psychology, Developmental psychology, Entwicklungspsychologie, Textbooks, Enfants, Ontwikkelingspsychologie, Psychologie du développement, Psychologie, Développement, 77.53 developmental psychology, Adolescents, Problems, exercises, Examinations, questions"
Psychology,"Scott O. Lilienfeld, Steven J. Lynn, Laura Namy, Steven J Lynn, Nancy J. Woolf, Kenneth M. Cramer, Rodney Schmaltz, Steven Jay Lynn",2007.0,8844590.0,/works/OL20194839W,https://covers.openlibrary.org/b/id/8844590-M.jpg,,"Psychology, Psychologie","Psychology Scott O. Lilienfeld, Steven J. Lynn, Laura Namy, Steven J Lynn, Nancy J. Woolf, Kenneth M. Cramer, Rodney Schmaltz, Steven Jay Lynn  Psychology, Psychologie"
Child psychology,Arthur Thomas Jersild,1933.0,14624183.0,/works/OL6917480W,https://covers.openlibrary.org/b/id/14624183-M.jpg,,"Nourrissons, Textbooks, Infant psychology, Psychology textbooks, Psychologie, Humanities textbooks, Child Psychology, Infants, Enfants, Infant, Child Development","Child psychology Arthur Thomas Jersild  Nourrissons, Textbooks, Infant psychology, Psychology textbooks, Psychologie, Humanities textbooks, Child Psychology, Infants, Enfants, Infant, Child Development"
Psychological testing and assessment,"Cohen, Ronald Jay., Ronald Jay Cohen, Ronald Jay Cohen, Mark Swerdlik, Mark E. Swerdlik, Suzanne M. Phillips",1992.0,527296.0,/works/OL1886471W,https://covers.openlibrary.org/b/id/527296-M.jpg,"Psychological Testing and Assessment presents students with a solid grounding in psycho-metrics and the world of testing and assessment. The book distinguishes itself through its logical organization, readable text, and many pedagogical aids, such as the “Meet an Assessment Professional” feature in every chapter which highlights the works of people such as Dr. Stephen Finn, architect of therapeutic assessment. Now in its eighth edition, this text has consistently won enthusiastic reviews not only for its balance of breadth and depth of coverage, but for content that brings a human face to the assessment enterprise","Textbooks, Psychometrics, Psychologische tests, Psychology textbooks, Beoordeling, Humanities textbooks, Psychological tests, Psychometrie, Testen, Psychological testing & measurement, Psychological Testing, Psychology, Assessment, Testing & Measurement, Psychology, study and teaching, Tests psychologiques","Psychological testing and assessment Cohen, Ronald Jay., Ronald Jay Cohen, Ronald Jay Cohen, Mark Swerdlik, Mark E. Swerdlik, Suzanne M. Phillips Psychological Testing and Assessment presents students with a solid grounding in psycho-metrics and the world of testing and assessment. The book distinguishes itself through its logical organization, readable text, and many pedagogical aids, such as the “Meet an Assessment Professional” feature in every chapter which highlights the works of people such as Dr. Stephen Finn, architect of therapeutic assessment. Now in its eighth edition, this text has consistently won enthusiastic reviews not only for its balance of breadth and depth of coverage, but for content that brings a human face to the assessment enterprise Textbooks, Psychometrics, Psychologische tests, Psychology textbooks, Beoordeling, Humanities textbooks, Psychological tests, Psychometrie, Testen, Psychological testing & measurement, Psychological Testing, Psychology, Assessment, Testing & Measurement, Psychology, study and teaching, Tests psychologiques"
Cognitive psychology,Michael W. Eysenck,1990.0,9523922.0,/works/OL19207319W,https://covers.openlibrary.org/b/id/9523922-M.jpg,"Revisiting the Classic Studies is a series of texts that introduces readers to the studies in psychology that changed the way we think about core topics in the discipline today. It provokes students to ask more interesting and challenging questions about the field by encouraging a deeper level of engagement both with the details of the studies themselves and with the nature of their contribution. Edited by leading scholars in their field and written by researchers at the cutting edge of these developments, the chapters in each text provide details of the original works and their theoretical and empirical impact, and then discuss the ways in which thinking and research has advanced in the years since the studies were conducted. Cognitive Psychology: Revisiting the Classic Studies traces 14 ground-breaking studies by researchers such as Chomsky, Tulving and Stroop to re-examine and reflect on their findings and engage in a lively discussion of the subsequent work that they have inspired. Suitable for students on cognitive psychology courses at all levels, as well as anyone with an enquiring mind.","Cognition, Cognitive psychology, Psychology, Psicologia de la cogniciâo, Cognitieve psychologie, Kognitiv psykologi, Cognitive Science, Methods, Cognitive Therapy","Cognitive psychology Michael W. Eysenck Revisiting the Classic Studies is a series of texts that introduces readers to the studies in psychology that changed the way we think about core topics in the discipline today. It provokes students to ask more interesting and challenging questions about the field by encouraging a deeper level of engagement both with the details of the studies themselves and with the nature of their contribution. Edited by leading scholars in their field and written by researchers at the cutting edge of these developments, the chapters in each text provide details of the original works and their theoretical and empirical impact, and then discuss the ways in which thinking and research has advanced in the years since the studies were conducted. Cognitive Psychology: Revisiting the Classic Studies traces 14 ground-breaking studies by researchers such as Chomsky, Tulving and Stroop to re-examine and reflect on their findings and engage in a lively discussion of the subsequent work that they have inspired. Suitable for students on cognitive psychology courses at all levels, as well as anyone with an enquiring mind. Cognition, Cognitive psychology, Psychology, Psicologia de la cogniciâo, Cognitieve psychologie, Kognitiv psykologi, Cognitive Science, Methods, Cognitive Therapy"
Menschenkenntnis,"Alfred Adler, Colin Brett",1927.0,811390.0,/works/OL1127269W,https://covers.openlibrary.org/b/id/811390-M.jpg,"Adler explores the development of our personality, introducing all his key themes to explore the nature of the psyche, how character forms, how we see the world, and how we become who we are.","Caractères et caractéristiques, Characters and characteristics, Individualité, Psychologie, Psychology, Personality, Character, Individualpsychologie, Menschenkenntnis, Charakter, Caractérologie, Perception, Self-perception, Human behavior, Psychoanalysis, Character and characteristic, Adler, alfred, 1870-1937, Movements","Menschenkenntnis Alfred Adler, Colin Brett Adler explores the development of our personality, introducing all his key themes to explore the nature of the psyche, how character forms, how we see the world, and how we become who we are. Caractères et caractéristiques, Characters and characteristics, Individualité, Psychologie, Psychology, Personality, Character, Individualpsychologie, Menschenkenntnis, Charakter, Caractérologie, Perception, Self-perception, Human behavior, Psychoanalysis, Character and characteristic, Adler, alfred, 1870-1937, Movements"
The psychology of learning and motivation,Brian H. Ross,1990.0,9582207.0,/works/OL16936067W,https://covers.openlibrary.org/b/id/9582207-M.jpg,1 online resource (322 pages),"Psychology, Cognitive Psychology, SCIENCE, Motivation (Psychology), Periodicals, Cognitive Science, Learning, Education, Psychology of Learning, PSYCHOLOGY, Learning, psychology of, Motivation (psychology), Learning, Psychology of, PSYCHOLOGY -- Cognitive Psychology, SCIENCE -- Cognitive Science","The psychology of learning and motivation Brian H. Ross 1 online resource (322 pages) Psychology, Cognitive Psychology, SCIENCE, Motivation (Psychology), Periodicals, Cognitive Science, Learning, Education, Psychology of Learning, PSYCHOLOGY, Learning, psychology of, Motivation (psychology), Learning, Psychology of, PSYCHOLOGY -- Cognitive Psychology, SCIENCE -- Cognitive Science"
Introduction to Psychology,James W. Kalat,2002.0,1274932.0,/works/OL1953926W,https://covers.openlibrary.org/b/id/1274932-M.jpg,,"Psychology, Textbooks","Introduction to Psychology James W. Kalat  Psychology, Textbooks"
Psychology,"Robert A. Baron, Girishwar Mishra",2016.0,14592983.0,/works/OL31232478W,https://covers.openlibrary.org/b/id/14592983-M.jpg,,Psychology,"Psychology Robert A. Baron, Girishwar Mishra  Psychology"
Psychology,"Jerome Kagan, Julius Segal",1971.0,114678.0,/works/OL1830112W,https://covers.openlibrary.org/b/id/114678-M.jpg,,"Psychology, Textbooks, Psychology textbooks, Psychologie, Humanities textbooks","Psychology Jerome Kagan, Julius Segal  Psychology, Textbooks, Psychology textbooks, Psychologie, Humanities textbooks"
Research methods in psychology,Beth Morling,2012.0,10185874.0,/works/OL16142800W,https://covers.openlibrary.org/b/id/10185874-M.jpg,,"Textbooks, Methodology, Psychology, Experimental Psychology, Research, Psychology, research, Psychology, experimental, Psychology, methodology","Research methods in psychology Beth Morling  Textbooks, Methodology, Psychology, Experimental Psychology, Research, Psychology, research, Psychology, experimental, Psychology, methodology"
Psychology,Drew Westen,1995.0,5051104.0,/works/OL2752717W,https://covers.openlibrary.org/b/id/5051104-M.jpg,This high level introductory psychology text covers both the biological basis of psychology and the role of culture in shaping basic biological processes. Theories are provided in a conceptual framework that captures the excitement of the field.,"Textbooks, Psychology, Intellect, Brain","Psychology Drew Westen This high level introductory psychology text covers both the biological basis of psychology and the role of culture in shaping basic biological processes. Theories are provided in a conceptual framework that captures the excitement of the field. Textbooks, Psychology, Intellect, Brain"
Clinical psychology,"E. Jerry Phares, Timothy J. Trull",1979.0,4664684.0,/works/OL3293459W,https://covers.openlibrary.org/b/id/4664684-M.jpg,,"Clinical psychology, Psychotherapy, Personality assessment, Psychology, Clinical, Einfuhrung, Klinische Psychologie, Psychologie clinique, Personnalite, Evaluation, Psychotherapie, Psychiatry, Clinical Psychology (General), Psychology, Health/Fitness, Mental Illness, Psicologia clinica, Psicoterapia","Clinical psychology E. Jerry Phares, Timothy J. Trull  Clinical psychology, Psychotherapy, Personality assessment, Psychology, Clinical, Einfuhrung, Klinische Psychologie, Psychologie clinique, Personnalite, Evaluation, Psychotherapie, Psychiatry, Clinical Psychology (General), Psychology, Health/Fitness, Mental Illness, Psicologia clinica, Psicoterapia"
Psychology of sex,Havelock Ellis,1933.0,6986408.0,/works/OL1153015W,https://covers.openlibrary.org/b/id/6986408-M.jpg,"The precedent-shattering book which probes human sexual behavior from physical, psychological, sociological and historical viewpoint*. 
*""The best one-volume treatment of sex in the English language.""* 
— Carl Van Doren","Sex (Psychology), Textbooks, Sex, Psychology textbooks, Humanities textbooks, Psychosexual Development, Marriage","Psychology of sex Havelock Ellis The precedent-shattering book which probes human sexual behavior from physical, psychological, sociological and historical viewpoint*. 
*""The best one-volume treatment of sex in the English language.""* 
— Carl Van Doren Sex (Psychology), Textbooks, Sex, Psychology textbooks, Humanities textbooks, Psychosexual Development, Marriage"
Community psychology,John Moritsugu,2010.0,9042308.0,/works/OL13759866W,https://covers.openlibrary.org/b/id/9042308-M.jpg,,"Community psychology, Community Psychiatry, Community Mental Health Services, Community Networks, Social Psychology","Community psychology John Moritsugu  Community psychology, Community Psychiatry, Community Mental Health Services, Community Networks, Social Psychology"
Psychological testing and assessment,Lewis R. Aiken,1976.0,1146308.0,/works/OL529638W,https://covers.openlibrary.org/b/id/1146308-M.jpg,,"Psychologische tests, Beoordeling, Psychological tests, Beurteilung, Test, Educational Measurement, Testen, Psychometrie, Tests psychologiques, Psychodiagnostics, Psychometrics","Psychological testing and assessment Lewis R. Aiken  Psychologische tests, Beoordeling, Psychological tests, Beurteilung, Test, Educational Measurement, Testen, Psychometrie, Tests psychologiques, Psychodiagnostics, Psychometrics"
The psychology of women,Helene Deutsch,1944.0,5117665.0,/works/OL4210255W,https://covers.openlibrary.org/b/id/5117665-M.jpg,,"Femmes, Psychology, Textbooks, Psychoanalyse, Psicanalise, Vrouwen, Psychology textbooks, Psychologie, Humanities textbooks, Sexual Behavior, Psychoanalysis, Women, Sex (Psychology), Mothers, Women, psychology","The psychology of women Helene Deutsch  Femmes, Psychology, Textbooks, Psychoanalyse, Psicanalise, Vrouwen, Psychology textbooks, Psychologie, Humanities textbooks, Sexual Behavior, Psychoanalysis, Women, Sex (Psychology), Mothers, Women, psychology"
Systems and theories of psychology,"James Patrick Chaplin, Theophile Stanley Krawiec",1960.0,7020125.0,/works/OL5209411W,https://covers.openlibrary.org/b/id/7020125-M.jpg,,"Psychology, Textbooks, Histoire, Psychological Theory, Psychology textbooks, Psychologie, Humanities textbooks, History","Systems and theories of psychology James Patrick Chaplin, Theophile Stanley Krawiec  Psychology, Textbooks, Histoire, Psychological Theory, Psychology textbooks, Psychologie, Humanities textbooks, History"
Managerial psychology,"Harold J. Leavitt, Homa Bahrami",1958.0,15011231.0,/works/OL4970509W,https://covers.openlibrary.org/b/id/15011231-M.jpg,,"Industrial management, Industrial Psychology, Textbooks, Applied Psychology, Psychology textbooks, Humanities textbooks, Psychology, Industrial, Organizational behavior","Managerial psychology Harold J. Leavitt, Homa Bahrami  Industrial management, Industrial Psychology, Textbooks, Applied Psychology, Psychology textbooks, Humanities textbooks, Psychology, Industrial, Organizational behavior"
"Sikolohiyang Pilipino Teorya, Metodo at Gamit",Rogelia Pe-Pua,1982.0,4927860.0,/works/OL9139904W,https://covers.openlibrary.org/b/id/4927860-M.jpg,,,"Sikolohiyang Pilipino Teorya, Metodo at Gamit Rogelia Pe-Pua  "
Theories and systems of psychology,Robert W. Lundin,1972.0,6924396.0,/works/OL3539477W,https://covers.openlibrary.org/b/id/6924396-M.jpg,,"Psychology, Textbooks, Philosophy, Psychological Theory, Psychology textbooks, Humanities textbooks, History, Partial Differential equations","Theories and systems of psychology Robert W. Lundin  Psychology, Textbooks, Philosophy, Psychological Theory, Psychology textbooks, Humanities textbooks, History, Partial Differential equations"
An introduction to positive psychology,William C. Compton,2005.0,8129515.0,/works/OL8345799W,https://covers.openlibrary.org/b/id/8129515-M.jpg,,Positive psychology,An introduction to positive psychology William C. Compton  Positive psychology
An Approach to environmental psychology,"Albert Mehrabian, James A. Russell",1974.0,4509501.0,/works/OL13333149W,https://covers.openlibrary.org/b/id/4509501-M.jpg,,"Influence of environment, Emotions, Man, Influence de l'environnement, E motions, Emoties, Environment, Omgevingspsychologie, Social Environment, Psychologie de l'environnement, Environmental psychology, Experimental Psychology, Homme, Human beings, effect of environment on","An Approach to environmental psychology Albert Mehrabian, James A. Russell  Influence of environment, Emotions, Man, Influence de l'environnement, E motions, Emoties, Environment, Omgevingspsychologie, Social Environment, Psychologie de l'environnement, Environmental psychology, Experimental Psychology, Homme, Human beings, effect of environment on"
Industrial psychology,Joseph Tiffin,1942.0,9217017.0,/works/OL5273395W,https://covers.openlibrary.org/b/id/9217017-M.jpg,,"Industrial efficiency, Ability, Textbooks, Testing, Applied Psychology, Psychology textbooks, Humanities textbooks, Personnel management, Industrial Psychology, Psychologie du travail, Arbeids- en organisatiepsychologie, Psicologia Industrial, Aptitude Tests, Efficiency","Industrial psychology Joseph Tiffin  Industrial efficiency, Ability, Textbooks, Testing, Applied Psychology, Psychology textbooks, Humanities textbooks, Personnel management, Industrial Psychology, Psychologie du travail, Arbeids- en organisatiepsychologie, Psicologia Industrial, Aptitude Tests, Efficiency"
introduction to psychology,king and morgan,1996.0,0.0,/works/OL17199265W,,,,introduction to psychology king and morgan  
Basic psychology,Henry Gleitman,1983.0,252622.0,/works/OL1923845W,https://covers.openlibrary.org/b/id/252622-M.jpg,,"Psychology, Einfuhrung, Psychologie","Basic psychology Henry Gleitman  Psychology, Einfuhrung, Psychologie"
Cognitive Psychology,E. Bruce Goldstein,2004.0,1258814.0,/works/OL1818170W,https://covers.openlibrary.org/b/id/1258814-M.jpg,"There book is balance between classic and contemporary coverage of cognitive-behavioral and physiological approaches. There is in most all cases a very nice balance between experiment, theory, and everyday life. The author explains the weaknesses of any particular theory in a way that allows the student to understand not just how the particular theory is weak but also allows critical transfer to evaluation of other theories.","Cognitive psychology, Cognition, Memory, Kognitiv psykologi","Cognitive Psychology E. Bruce Goldstein There book is balance between classic and contemporary coverage of cognitive-behavioral and physiological approaches. There is in most all cases a very nice balance between experiment, theory, and everyday life. The author explains the weaknesses of any particular theory in a way that allows the student to understand not just how the particular theory is weak but also allows critical transfer to evaluation of other theories. Cognitive psychology, Cognition, Memory, Kognitiv psykologi"
Introduction to physiological psychology,Francis Leukel,1968.0,4516811.0,/works/OL6669494W,https://covers.openlibrary.org/b/id/4516811-M.jpg,,Psychophysiology,Introduction to physiological psychology Francis Leukel  Psychophysiology
The Road Less Traveled,M. Scott Peck,1978.0,4434829.0,/works/OL2868914W,https://covers.openlibrary.org/b/id/4434829-M.jpg,"Confronting and solving problems is a painful process which most of us attempt to avoid. Avoiding resolution results in greater pain and an inability to grow both mentally and spiritually. Drawing heavily on his own professional experience, Dr M. Scott Peck, a psychiatrist, suggests ways in which facing our difficulties - and suffering through the changes - can enable us to reach a higher level of self-understanding. He discusses the nature of loving relationships: how to distinguish dependency from love; how to become one's own person and how to be a more sensitive parent. This is a book that can show you how to embrace reality and yet achieve serenity and a richer existence. Hugely influential, it has now sold over ten million copies - and has changed many people's lives round the globe.","Interpersonal relations, Love, Maturation (Psychology), Psychiatry and religion, Psychoanalysis and religion, Psychological aspects, Psychological aspects of Love, Self-actualization (Psychology), Spirituality, Values, Spiritualité, Religion and Psychology, Valeurs (Philosophie), Maturation (Psychologie), Aspect psychologique, Amour, Self Assessment (Psychology), Actualisation de soi, Social Values, Relations humaines, Spiritualism, Maturation (Psychology.), Psychology, Self-Assessment","The Road Less Traveled M. Scott Peck Confronting and solving problems is a painful process which most of us attempt to avoid. Avoiding resolution results in greater pain and an inability to grow both mentally and spiritually. Drawing heavily on his own professional experience, Dr M. Scott Peck, a psychiatrist, suggests ways in which facing our difficulties - and suffering through the changes - can enable us to reach a higher level of self-understanding. He discusses the nature of loving relationships: how to distinguish dependency from love; how to become one's own person and how to be a more sensitive parent. This is a book that can show you how to embrace reality and yet achieve serenity and a richer existence. Hugely influential, it has now sold over ten million copies - and has changed many people's lives round the globe. Interpersonal relations, Love, Maturation (Psychology), Psychiatry and religion, Psychoanalysis and religion, Psychological aspects, Psychological aspects of Love, Self-actualization (Psychology), Spirituality, Values, Spiritualité, Religion and Psychology, Valeurs (Philosophie), Maturation (Psychologie), Aspect psychologique, Amour, Self Assessment (Psychology), Actualisation de soi, Social Values, Relations humaines, Spiritualism, Maturation (Psychology.), Psychology, Self-Assessment"
Social psychology,John D. DeLamater,2010.0,8720472.0,/works/OL19902553W,https://covers.openlibrary.org/b/id/8720472-M.jpg,,"Social psychology, SOCIAL SCIENCE / General, SOCIAL SCIENCE / Sociology / General, PSYCHOLOGY / General, PSYCHOLOGY / Social Psychology","Social psychology John D. DeLamater  Social psychology, SOCIAL SCIENCE / General, SOCIAL SCIENCE / Sociology / General, PSYCHOLOGY / General, PSYCHOLOGY / Social Psychology"
Psychology in Your Life,"Michael Gazzaniga, Sarah Grison",2013.0,13589216.0,/works/OL21195518W,https://covers.openlibrary.org/b/id/13589216-M.jpg,,"Developmental psychology, Psychology","Psychology in Your Life Michael Gazzaniga, Sarah Grison  Developmental psychology, Psychology"
The psychology of computer programming,Gerald M. Weinberg,1971.0,711892.0,/works/OL1958820W,https://covers.openlibrary.org/b/id/711892-M.jpg,"This landmark 1971 classic is reprinted with a new preface, chapter-by-chapter commentary, and straight-from-the-heart observations on topics that affect the professional life of programmers.  Long regarded as one of the first books to pioneer a people-oriented approach to computing, The Psychology of Computer Programming endures as a penetrating analysis of the intelligence, skill, teamwork, and problem-solving power of the computer programmer.  Finding the chapters strikingly relevant to today's issues in programming, Gerald M. Weinberg adds new insights and highlights the similarities and differences between now and then. Using a conversational style that invites the reader to join him, Weinberg reunites with some of his most insightful writings on the human side of software engineering.  Topics include egoless programming, intelligence, psychological measurement, personality factors, motivation, training, social problems on large projects, problem-solving ability, programming language design, team formation, the programming environment, and much more.  The author says, ""On an inspired eight-week vacation in Italy, I wrote the first draft of The Psychology of Computer Programming. . . . the book quickly became a best-seller among technical titles, running through more than twenty printings and staying in print for twenty-five years. . . .  ""For this Silver Anniversary Edition, I decided to take my own advice and not try to hide my errors, for they would be the source of the most learning for my readers. I decided to leave the original text as it was—antiques and all—for your illumination, and simply to add some 'wisdom of hindsight' remarks whenever the spirit moved me. I hope you find the perspective brought by this time-capsule contrast as useful to you as it has been to me.""  J.J. Hirschfelder of Computing Reviews wrote: ""The Psychology of Computer Programming . . . was the first major book to address programming as an individual and team effort, and became a classic in the field. . . . Despite, or perhaps even because of, the perspective of 1971, this book remains a must-read for all software development managers.""  Sue Petersen of Visual Developer said: ""In this new edition, Jerry looks at where we were 30 years ago, where we are now and where we might be in the future. Instead of changing the original text, he's added new comments to each chapter. This allows the reader to compare and contrast his thinking over the decades, showcasing the errors and omissions as well as the threads that bore fruit. "". . . one issue -- communication -- has been at the core of Jerry's work for decades. Unknown to him at the time, Psychology was to form the outline of his life's work. . . . Psychology is valuable as history in a field that is all too ready to repeat the errors of its past. Read Psychology as a picture of where we've been, where we are now, and where we need to go next. Read it as an index to the thinking of one of the most influential figures in our field.""","Computer programming, Psychological aspects, Psychological aspects of Computer programming, Electronic digital computers, programming, Computer programming -- Psychological aspects","The psychology of computer programming Gerald M. Weinberg This landmark 1971 classic is reprinted with a new preface, chapter-by-chapter commentary, and straight-from-the-heart observations on topics that affect the professional life of programmers.  Long regarded as one of the first books to pioneer a people-oriented approach to computing, The Psychology of Computer Programming endures as a penetrating analysis of the intelligence, skill, teamwork, and problem-solving power of the computer programmer.  Finding the chapters strikingly relevant to today's issues in programming, Gerald M. Weinberg adds new insights and highlights the similarities and differences between now and then. Using a conversational style that invites the reader to join him, Weinberg reunites with some of his most insightful writings on the human side of software engineering.  Topics include egoless programming, intelligence, psychological measurement, personality factors, motivation, training, social problems on large projects, problem-solving ability, programming language design, team formation, the programming environment, and much more.  The author says, ""On an inspired eight-week vacation in Italy, I wrote the first draft of The Psychology of Computer Programming. . . . the book quickly became a best-seller among technical titles, running through more than twenty printings and staying in print for twenty-five years. . . .  ""For this Silver Anniversary Edition, I decided to take my own advice and not try to hide my errors, for they would be the source of the most learning for my readers. I decided to leave the original text as it was—antiques and all—for your illumination, and simply to add some 'wisdom of hindsight' remarks whenever the spirit moved me. I hope you find the perspective brought by this time-capsule contrast as useful to you as it has been to me.""  J.J. Hirschfelder of Computing Reviews wrote: ""The Psychology of Computer Programming . . . was the first major book to address programming as an individual and team effort, and became a classic in the field. . . . Despite, or perhaps even because of, the perspective of 1971, this book remains a must-read for all software development managers.""  Sue Petersen of Visual Developer said: ""In this new edition, Jerry looks at where we were 30 years ago, where we are now and where we might be in the future. Instead of changing the original text, he's added new comments to each chapter. This allows the reader to compare and contrast his thinking over the decades, showcasing the errors and omissions as well as the threads that bore fruit. "". . . one issue -- communication -- has been at the core of Jerry's work for decades. Unknown to him at the time, Psychology was to form the outline of his life's work. . . . Psychology is valuable as history in a field that is all too ready to repeat the errors of its past. Read Psychology as a picture of where we've been, where we are now, and where we need to go next. Read it as an index to the thinking of one of the most influential figures in our field."" Computer programming, Psychological aspects, Psychological aspects of Computer programming, Electronic digital computers, programming, Computer programming -- Psychological aspects"
Social psychology,"Saul M. Kassin, Steven Fein, Hazel Markus",2007.0,9822312.0,/works/OL18738912W,https://covers.openlibrary.org/b/id/9822312-M.jpg,"Distinguished by its current-events emphasis, the aim to bring the outside world into the field of social psychology, strong diversity coverage, and engaging connections drawn between social psychology and everyday life, SOCIAL PSYCHOLOGY, Ninth Edition, remains one of the most scholarly and well-written books in its field. Integrating classic and contemporary research, the book also includes comprehensive coverage of social cognition and evolutionary psychology, and features authoritative material on social psychology and the law. Coverage of culture and diversity is integrated into every chapter by Hazel Rose Markus, a leader and respected researcher in the study of cultural psychology.","Textbooks, Social psychology, Problems, exercises, Social psychology--textbooks, Hm1033 .k365 2014","Social psychology Saul M. Kassin, Steven Fein, Hazel Markus Distinguished by its current-events emphasis, the aim to bring the outside world into the field of social psychology, strong diversity coverage, and engaging connections drawn between social psychology and everyday life, SOCIAL PSYCHOLOGY, Ninth Edition, remains one of the most scholarly and well-written books in its field. Integrating classic and contemporary research, the book also includes comprehensive coverage of social cognition and evolutionary psychology, and features authoritative material on social psychology and the law. Coverage of culture and diversity is integrated into every chapter by Hazel Rose Markus, a leader and respected researcher in the study of cultural psychology. Textbooks, Social psychology, Problems, exercises, Social psychology--textbooks, Hm1033 .k365 2014"
Exploring psychology,David G. Myers,1990.0,3821525.0,/works/OL14859349W,https://covers.openlibrary.org/b/id/3821525-M.jpg,,"Psychology, Textbooks, Psychology textbooks, Humanities textbooks","Exploring psychology David G. Myers  Psychology, Textbooks, Psychology textbooks, Humanities textbooks"
Psychology and life,Floyd Leon Ruch,1937.0,9784393.0,/works/OL1592929W,https://covers.openlibrary.org/b/id/9784393-M.jpg,,"Psychology, Textbooks, Psychology textbooks, Psychologie, Humanities textbooks","Psychology and life Floyd Leon Ruch  Psychology, Textbooks, Psychology textbooks, Psychologie, Humanities textbooks"
Existential psychology,Rollo May,1961.0,6498798.0,/works/OL3955359W,https://covers.openlibrary.org/b/id/6498798-M.jpg,,"Existential psychology, Psychologie existentielle, Existentiefilosofie, Existentialism, Psychologie, Psychotherapy, Aufsatzsammlung, Existenzielle Psychologie, Existentielle Psychologie, Psychology","Existential psychology Rollo May  Existential psychology, Psychologie existentielle, Existentiefilosofie, Existentialism, Psychologie, Psychotherapy, Aufsatzsammlung, Existenzielle Psychologie, Existentielle Psychologie, Psychology"
The Psychology Major's Handbook,Tara L. Kuther,2002.0,115066.0,/works/OL6041283W,https://covers.openlibrary.org/b/id/115066-M.jpg,,"Psychology, Vocational guidance, Applied Psychology, Study and teaching (Higher), Psychology, study and teaching, Psychology, vocational guidance, Psychology, applied, Psychologie, Orientation professionnelle, Psychologie appliquée","The Psychology Major's Handbook Tara L. Kuther  Psychology, Vocational guidance, Applied Psychology, Study and teaching (Higher), Psychology, study and teaching, Psychology, vocational guidance, Psychology, applied, Psychologie, Orientation professionnelle, Psychologie appliquée"
Psychology,Richard A. Griggs,2005.0,1354805.0,/works/OL8373361W,https://covers.openlibrary.org/b/id/1354805-M.jpg,1 volume (various pagings) : 23 cm,"Psychology, Textbooks, General, Social sciences -> psychology -> general, Scy00007, Suco41168","Psychology Richard A. Griggs 1 volume (various pagings) : 23 cm Psychology, Textbooks, General, Social sciences -> psychology -> general, Scy00007, Suco41168"
What is psychology?,"Ellen Pastorino, Ellen E. Pastorino, Susann M Doyle-Portillo",2005.0,1258671.0,/works/OL5744968W,https://covers.openlibrary.org/b/id/1258671-M.jpg,,"Psychology, Textbooks, Social, group or collective psychology, Social Psychology, Psychology & Psychiatry / Social Psychology, Psychology, study and teaching","What is psychology? Ellen Pastorino, Ellen E. Pastorino, Susann M Doyle-Portillo  Psychology, Textbooks, Social, group or collective psychology, Social Psychology, Psychology & Psychiatry / Social Psychology, Psychology, study and teaching"
Psychology and adult learning,Mark Tennant,1988.0,1219223.0,/works/OL3285107W,https://covers.openlibrary.org/b/id/1219223-M.jpg,,"Adult learning, Adulthood, Learning, Psychology of, Psychological aspects, Psychological aspects of Adulthood, Psychology, Psychology of Learning, Learning, Adult education","Psychology and adult learning Mark Tennant  Adult learning, Adulthood, Learning, Psychology of, Psychological aspects, Psychological aspects of Adulthood, Psychology, Psychology of Learning, Learning, Adult education"
Foundations of sport and exercise psychology,Robert S. Weinberg,1995.0,1364042.0,/works/OL2005230W,https://covers.openlibrary.org/b/id/1364042-M.jpg,,"Psychological aspects of Sports, Psychological aspects, Psychological aspects of Exercise, Sports, Exercise, Psychology, Exercices, Aspects philosophiques, Exercice, Aspect psychologique, Psychologie, Behavior, Sportpsychologie, Effort physique, Aspects psychologiques, Sport, Conditietraining, Sports Psychology, Psicologia do esporte, Trainingslehre, Sports, psychological aspects, Sports psychology, Sports medicine, Mental health, Allied health & medical -> medical -> sports medicine, Biological sciences & nutrition -> health -> activities & sports, Allied health & medical -> medical -> mental health","Foundations of sport and exercise psychology Robert S. Weinberg  Psychological aspects of Sports, Psychological aspects, Psychological aspects of Exercise, Sports, Exercise, Psychology, Exercices, Aspects philosophiques, Exercice, Aspect psychologique, Psychologie, Behavior, Sportpsychologie, Effort physique, Aspects psychologiques, Sport, Conditietraining, Sports Psychology, Psicologia do esporte, Trainingslehre, Sports, psychological aspects, Sports psychology, Sports medicine, Mental health, Allied health & medical -> medical -> sports medicine, Biological sciences & nutrition -> health -> activities & sports, Allied health & medical -> medical -> mental health"
The modern psychological novel,Leon Edel,1959.0,6540657.0,/works/OL29304W,https://covers.openlibrary.org/b/id/6540657-M.jpg,,"Psychological fiction, Textbooks, Psychology textbooks, Humanities textbooks, Roman psychologique, Stream of conciousness fiction","The modern psychological novel Leon Edel  Psychological fiction, Textbooks, Psychology textbooks, Humanities textbooks, Roman psychologique, Stream of conciousness fiction"
"We, understanding the psychology of romantic love",Robert A. Johnson,1983.0,4232830.0,/works/OL1996329W,https://covers.openlibrary.org/b/id/4232830-M.jpg,,"Love, Liebe, Tristanepik, Amour, Roman de Tristan et Iseut (Bédier, Joseph), Bédier, joseph , 1864-1938, Jung, c. g. (carl gustav) , 1875-1961","We, understanding the psychology of romantic love Robert A. Johnson  Love, Liebe, Tristanepik, Amour, Roman de Tristan et Iseut (Bédier, Joseph), Bédier, joseph , 1864-1938, Jung, c. g. (carl gustav) , 1875-1961"
Psychology of adolescence,Luella Cole,1936.0,4519159.0,/works/OL10418322W,https://covers.openlibrary.org/b/id/4519159-M.jpg,,"Adolescent psychology, Adolescence","Psychology of adolescence Luella Cole  Adolescent psychology, Adolescence"
Personality,Gordon W. Allport,1937.0,6550540.0,/works/OL3420404W,https://covers.openlibrary.org/b/id/6550540-M.jpg,,"Characters and characteristics, Personality, Caractérologie, Persoonlijkheid, Personnalité, Character, Persönlichkeit, Personality traits, Individual psychology","Personality Gordon W. Allport  Characters and characteristics, Personality, Caractérologie, Persoonlijkheid, Personnalité, Character, Persönlichkeit, Personality traits, Individual psychology"
The psychology of money,"Furnham, Adrian.",1998.0,1206646.0,/works/OL1955610W,https://covers.openlibrary.org/b/id/1206646-M.jpg,,"Money, Psychological aspects, Psychological aspects of Money, BUSINESS & ECONOMICS, Finance","The psychology of money Furnham, Adrian.  Money, Psychological aspects, Psychological aspects of Money, BUSINESS & ECONOMICS, Finance"
Abnormal psychology,Vincent Mark Durand,1997.0,10313291.0,/works/OL116393W,https://covers.openlibrary.org/b/id/10313291-M.jpg,,"Mental illness, Psychopathologie, Textbooks, Psychology, Pathological, Pathological Psychology, Analyse multicriteres","Abnormal psychology Vincent Mark Durand  Mental illness, Psychopathologie, Textbooks, Psychology, Pathological, Pathological Psychology, Analyse multicriteres"
The Norton psychology reader,Gary F. Marcus,2005.0,13413486.0,/works/OL16610435W,https://covers.openlibrary.org/b/id/13413486-M.jpg,,Psychology,The Norton psychology reader Gary F. Marcus  Psychology
Psychology,"Robert S. Woodworth, Donald George Marquis",1929.0,2851815.0,/works/OL9354609W,https://covers.openlibrary.org/b/id/2851815-M.jpg,,"Psychology, Psychologie","Psychology Robert S. Woodworth, Donald George Marquis  Psychology, Psychologie"
He,Robert A. Johnson,1987.0,42402.0,/works/OL274778W,https://covers.openlibrary.org/b/id/42402-M.jpg,,"Men, Knights and knighthood in literature, Psychology, History and criticism, Arthurian romances, Grail, Perceval (Legendary character), Romances, Legends","He Robert A. Johnson  Men, Knights and knighthood in literature, Psychology, History and criticism, Arthurian romances, Grail, Perceval (Legendary character), Romances, Legends"
Psychology,"Lorelle J. Burton, Drew Westen, Robin M. Kowalski, Lorelle Burton",2011.0,14017253.0,/works/OL26740977W,https://covers.openlibrary.org/b/id/14017253-M.jpg,,Psychology,"Psychology Lorelle J. Burton, Drew Westen, Robin M. Kowalski, Lorelle Burton  Psychology"
Indian psychology,Jadunath Sinha,1934.0,4973049.0,/works/OL43183W,https://covers.openlibrary.org/b/id/4973049-M.jpg,An account of the psychology of perception as developed in Hindu philosophy.,"Hinduism, History, India, Philosophical anthropology, Psychology, Buddhism","Indian psychology Jadunath Sinha An account of the psychology of perception as developed in Hindu philosophy. Hinduism, History, India, Philosophical anthropology, Psychology, Buddhism"
An introduction to the history of psychology,B. R. Hergenhahn,1986.0,1274384.0,/works/OL1869352W,https://covers.openlibrary.org/b/id/1274384-M.jpg,,"Psychology, History, Psychologie, Histoire","An introduction to the history of psychology B. R. Hergenhahn  Psychology, History, Psychologie, Histoire"
The story of psychology,"Hunt, Morton M.",1993.0,7075160.0,/works/OL1921919W,https://covers.openlibrary.org/b/id/7075160-M.jpg,"The engrossing, definitive saga of the great thinkers and scientists who for twenty-five hundred years have been investigating the mysteries of the human mind and human behavior.From the Trade Paperback edition.","Psychology, Textbooks, Psychology textbooks, Psychologie, Geschichte, Nonfiction, Humanities textbooks, Psychoanalysis, Biography, History","The story of psychology Hunt, Morton M. The engrossing, definitive saga of the great thinkers and scientists who for twenty-five hundred years have been investigating the mysteries of the human mind and human behavior.From the Trade Paperback edition. Psychology, Textbooks, Psychology textbooks, Psychologie, Geschichte, Nonfiction, Humanities textbooks, Psychoanalysis, Biography, History"
Psychology,"Lester A. Lefton, Linda Brannon",1979.0,136921.0,/works/OL3269567W,https://covers.openlibrary.org/b/id/136921-M.jpg,,"Textbooks, Psychology, Einfuhrung, Psychologie","Psychology Lester A. Lefton, Linda Brannon  Textbooks, Psychology, Einfuhrung, Psychologie"
Research methods in psychology,"David G. Elmes, Henry L. Roediger, Barry H. Kantowitz",1985.0,6612864.0,/works/OL1895610W,https://covers.openlibrary.org/b/id/6612864-M.jpg,Encourages students to become engaged in the basics of scientific investigation through an example-based approach. This text displays the author's commitment to ensuring that the student has a thorough understanding of the research process from the very beginning.,"Psychology, Experimental, Psychology, Textbooks, Psychology textbooks, Research, Methodology, Humanities textbooks, Experimental Psychology, Research & Methodology, Death, Psychological aspects, Bereavement, Grief, Care of the sick, Onderzoeksmethoden, Psychologie, Experimenteel onderzoek, Méthodologie de recherche, Recherche scientifique, Psychologie expérimentale, Psychology, research, Psychology, methodology, Research Design","Research methods in psychology David G. Elmes, Henry L. Roediger, Barry H. Kantowitz Encourages students to become engaged in the basics of scientific investigation through an example-based approach. This text displays the author's commitment to ensuring that the student has a thorough understanding of the research process from the very beginning. Psychology, Experimental, Psychology, Textbooks, Psychology textbooks, Research, Methodology, Humanities textbooks, Experimental Psychology, Research & Methodology, Death, Psychological aspects, Bereavement, Grief, Care of the sick, Onderzoeksmethoden, Psychologie, Experimenteel onderzoek, Méthodologie de recherche, Recherche scientifique, Psychologie expérimentale, Psychology, research, Psychology, methodology, Research Design"
Health Psychology,"Edward P. Sarafino, Timothy W. Smith, David B. King, Anita De Longis",1994.0,11235835.0,/works/OL22271164W,https://covers.openlibrary.org/b/id/11235835-M.jpg,,Clinical health psychology,"Health Psychology Edward P. Sarafino, Timothy W. Smith, David B. King, Anita De Longis  Clinical health psychology"
Psychology,Daniel L. Schacter,2011.0,9987106.0,/works/OL16175454W,https://covers.openlibrary.org/b/id/9987106-M.jpg,,"Psychology, Textbooks","Psychology Daniel L. Schacter  Psychology, Textbooks"
Psychologi kepribadian,Soemadi Soerjabrata,1961.0,0.0,/works/OL389860W,,,Personality,Psychologi kepribadian Soemadi Soerjabrata  Personality
Psychology applied to work,Paul M. Muchinsky,1983.0,363714.0,/works/OL3271315W,https://covers.openlibrary.org/b/id/363714-M.jpg,,"Psychology, Industrial, Industrial Psychology, Organizational behavior, Psychologie du travail, Comportement organisationnel","Psychology applied to work Paul M. Muchinsky  Psychology, Industrial, Industrial Psychology, Organizational behavior, Psychologie du travail, Comportement organisationnel"
Social Psychology,"Tom Gilovich, Dacher Keltner, Serena Chen",2010.0,8830383.0,/works/OL20182499W,https://covers.openlibrary.org/b/id/8830383-M.jpg,,"Social psychology, Hm1033 .g52 2013, 302","Social Psychology Tom Gilovich, Dacher Keltner, Serena Chen  Social psychology, Hm1033 .g52 2013, 302"
History of psychology,David Hothersall,1984.0,54266.0,/works/OL3516536W,https://covers.openlibrary.org/b/id/54266-M.jpg,,"Psychology, History, Psychologie, Histoire, Psychology, history","History of psychology David Hothersall  Psychology, History, Psychologie, Histoire, Psychology, history"
The Magic Power of Self-Image Psychology,Maxwell Maltz,1964.0,10027284.0,/works/OL99078W,https://covers.openlibrary.org/b/id/10027284-M.jpg,,"Achievement, Self Concept, Success, Conduct of life, Psychology, Non-Classifiable","The Magic Power of Self-Image Psychology Maxwell Maltz  Achievement, Self Concept, Success, Conduct of life, Psychology, Non-Classifiable"
Social psychology,Sharon S. Brehm,1990.0,3741592.0,/works/OL2024897W,https://covers.openlibrary.org/b/id/3741592-M.jpg,,"Textbooks, Social psychology, Sociale psychologie","Social psychology Sharon S. Brehm  Textbooks, Social psychology, Sociale psychologie"
The psychology of careers,"Super, Donald E.",1957.0,9922358.0,/works/OL4550545W,https://covers.openlibrary.org/b/id/9922358-M.jpg,,Vocational guidance,"The psychology of careers Super, Donald E.  Vocational guidance"
Experimental psychology,F. J. McGuigan,1960.0,1113557.0,/works/OL1921673W,https://covers.openlibrary.org/b/id/1113557-M.jpg,"xvi, 496 pages : 24 cm","Psychophysiology, Psychology, Textbooks, Experimental design, Psychology textbooks, Methodology, Experiments, Humanities textbooks, Research, Experimental Psychology, Psychologie experimentale, Recherche, Methode, Psychologie, Experimentelle Psychologie, Plan d'experience, Psychology, experimental, Psychology, research, Psychology, experiments","Experimental psychology F. J. McGuigan xvi, 496 pages : 24 cm Psychophysiology, Psychology, Textbooks, Experimental design, Psychology textbooks, Methodology, Experiments, Humanities textbooks, Research, Experimental Psychology, Psychologie experimentale, Recherche, Methode, Psychologie, Experimentelle Psychologie, Plan d'experience, Psychology, experimental, Psychology, research, Psychology, experiments"
Psychology,"Lyle Eugene Bourne, Lyle E. Bourne, Bruce R. Ekstrand, Wendy L. S. Dunn",1976.0,7032962.0,/works/OL2736192W,https://covers.openlibrary.org/b/id/7032962-M.jpg,"xix, 442 p., [8] p. of plates : 26 cm","Psychology, Textbooks, Psychology textbooks, Humanities textbooks, Psychologie","Psychology Lyle Eugene Bourne, Lyle E. Bourne, Bruce R. Ekstrand, Wendy L. S. Dunn xix, 442 p., [8] p. of plates : 26 cm Psychology, Textbooks, Psychology textbooks, Humanities textbooks, Psychologie"
Breaking The Code of SSB Psychological Tests - SSB Interview,Unknown,0.0,10125782.0,/works/OL20822780W,https://covers.openlibrary.org/b/id/10125782-M.jpg,,,Breaking The Code of SSB Psychological Tests - SSB Interview Unknown  
Psychological testing,Robert J. Gregory,1991.0,1145686.0,/works/OL1891044W,https://covers.openlibrary.org/b/id/1145686-M.jpg,,"Psychological tests, History, Psychometrics, 77.07 psychometrics, Psychodiagnostics, 77.08 psychodiagnostics","Psychological testing Robert J. Gregory  Psychological tests, History, Psychometrics, 77.07 psychometrics, Psychodiagnostics, 77.08 psychodiagnostics"
Psychology applied to modern life,"Wayne Weiten, Margaret A. Lloyd",1983.0,363717.0,/works/OL90043W,https://covers.openlibrary.org/b/id/363717-M.jpg,,"Psychological aspects of Adulthood, Adulthood, Textbooks, Psychology textbooks, Adjustment (Psychology), Interpersonal relations, Humanities textbooks, Psychological aspects, Ajustement (Psychologie), Self-help techniques, Popular psychology, Personal Growth - General, Applied Psychology, Psychology, General","Psychology applied to modern life Wayne Weiten, Margaret A. Lloyd  Psychological aspects of Adulthood, Adulthood, Textbooks, Psychology textbooks, Adjustment (Psychology), Interpersonal relations, Humanities textbooks, Psychological aspects, Ajustement (Psychologie), Self-help techniques, Popular psychology, Personal Growth - General, Applied Psychology, Psychology, General"
A history of modern psychology,C. James Goodwin,1999.0,300923.0,/works/OL1816848W,https://covers.openlibrary.org/b/id/300923-M.jpg,"With this new text by C. James Goodwin, you will learn about the fascinating individuals who helped shape psychology. The book not only provides accounts about the pioneers of psychology, it also contains original sources by these psychologists interwoven with informative comments from the author. With this approach, students will gain a better understanding of how past events shape the present field of psychology.","Psychology, History, Psychology, history, Psychologie, Geschichte, Histoire, History, 19th Century, History, 20th Century","A history of modern psychology C. James Goodwin With this new text by C. James Goodwin, you will learn about the fascinating individuals who helped shape psychology. The book not only provides accounts about the pioneers of psychology, it also contains original sources by these psychologists interwoven with informative comments from the author. With this approach, students will gain a better understanding of how past events shape the present field of psychology. Psychology, History, Psychology, history, Psychologie, Geschichte, Histoire, History, 19th Century, History, 20th Century"
Cognitive Psychology,R. Solso,2017.0,0.0,/works/OL29442903W,,,,Cognitive Psychology R. Solso  
A history of modern psychology,Duane P. Schultz,1969.0,4468220.0,/works/OL513161W,https://covers.openlibrary.org/b/id/4468220-M.jpg,"Throughout this textbook, the owner used a blue pen, a black pen, a pencil, and yellow, green, red, and teal highlighters.","Psychology, Textbooks, Histoire, Psychology textbooks, Psychologie, Humanities textbooks, History, Geschichte, Psychology, history","A history of modern psychology Duane P. Schultz Throughout this textbook, the owner used a blue pen, a black pen, a pencil, and yellow, green, red, and teal highlighters. Psychology, Textbooks, Histoire, Psychology textbooks, Psychologie, Humanities textbooks, History, Geschichte, Psychology, history"
Advanced Educational Psychology,S.K. Mangal,2004.0,13003168.0,/works/OL9081474W,https://covers.openlibrary.org/b/id/13003168-M.jpg,,"Educational psychology, Psychopédagogie","Advanced Educational Psychology S.K. Mangal  Educational psychology, Psychopédagogie"
The Perfect Marriage,Jeneva Rose,2020.0,10833503.0,/works/OL24315820W,https://covers.openlibrary.org/b/id/10833503-M.jpg,"Sarah Morgan is one of the best criminal defense attorneys in Washington, DC. With a perfect case record and having made named partner before the age of thirty-five, her life is going exactly as she planned.

However, the same cannot be said for her husband, Adam, a failed author, who's grown to resent his wife's meteoric success as he feels it's come at the expense of their relationship.

For almost two years, Adam has kept his affair with Kelly Summers a secret, but everything changes when her body is discovered at the couple's lake house and Adam is arrested on suspicion of murder.

Sarah now finds herself facing her most challenging case yet when she vows to defend her husband--a man accused of murdering his mistress.

While Adam is certainly guilty of sleeping with Kelly, the question remains: Is he guilty of killing her too?","Thriller, Mystery, Mystery Thriller, Fiction, Suspense, Crime, Psychological Thriller, Serie:Perfect","The Perfect Marriage Jeneva Rose Sarah Morgan is one of the best criminal defense attorneys in Washington, DC. With a perfect case record and having made named partner before the age of thirty-five, her life is going exactly as she planned.

However, the same cannot be said for her husband, Adam, a failed author, who's grown to resent his wife's meteoric success as he feels it's come at the expense of their relationship.

For almost two years, Adam has kept his affair with Kelly Summers a secret, but everything changes when her body is discovered at the couple's lake house and Adam is arrested on suspicion of murder.

Sarah now finds herself facing her most challenging case yet when she vows to defend her husband--a man accused of murdering his mistress.

While Adam is certainly guilty of sleeping with Kelly, the question remains: Is he guilty of killing her too? Thriller, Mystery, Mystery Thriller, Fiction, Suspense, Crime, Psychological Thriller, Serie:Perfect"
History and systems of psychology,James F. Brennan,1982.0,92277.0,/works/OL2640798W,https://covers.openlibrary.org/b/id/92277-M.jpg,,"Histoire, Psychology, Textbooks, Philosophy, Psychology textbooks, Psychologie, Humanities textbooks, Philosophie, History, System, Geschichte, Psychology, history, Psychology, philosophy","History and systems of psychology James F. Brennan  Histoire, Psychology, Textbooks, Philosophy, Psychology textbooks, Psychologie, Humanities textbooks, Philosophie, History, System, Geschichte, Psychology, history, Psychology, philosophy"
Cognitive Psychology,"Michael W. Eysenck, Mark T. Keane, Mark Keane, Mark T. Keane",1990.0,6455820.0,/works/OL572925W,https://covers.openlibrary.org/b/id/6455820-M.jpg,"This is a thorough revision of the extremely successful second edition. It continues to consider the three main perspectives on cognitive psychology that now define the discipline: experimental cognitive psychology; cognitive science, with its emphasis on computational cognitive modelling; and cognitive neuropsychology, with its focus on cognition following brain damage.

There is detailed coverage of the dynamic impact of these different perspectives on the main areas of cognitive psychology, including perception, attention, memory, categorisation, language, problem-solving, and reasoning.

The aim is to provide comprehensive coverage that is up-to-date, authoritative, and accessible. All existing chapters have been extensively revised and several new chapters added. Some of the topics receiving much greater coverage in this edition are: depth perception, brain structures in perception, autobiographical memory, implicit memory, theories of reading, mood-congruent effects, connectionism, scientific discovery, and conditional reasoning.

Cognitive Psychology: A Student's Handbook will be essential reading for undergraduate students of psychology. It will also be of interest to students taking related courses in computer science, education, linguistics, physiology, and medicine.","Cognitive psychology, Textbooks, Cognition, Kognitive Psychologie, Psychologie cognitive, Psychology, Cognitieve psychologie, Manuels d'enseignement, Einführung, Cognition & cognitive psychology, General, Cognition--textbooks, Cognitive psychology--textbooks, Bf311 .e935 2010, 153, 77.31","Cognitive Psychology Michael W. Eysenck, Mark T. Keane, Mark Keane, Mark T. Keane This is a thorough revision of the extremely successful second edition. It continues to consider the three main perspectives on cognitive psychology that now define the discipline: experimental cognitive psychology; cognitive science, with its emphasis on computational cognitive modelling; and cognitive neuropsychology, with its focus on cognition following brain damage.

There is detailed coverage of the dynamic impact of these different perspectives on the main areas of cognitive psychology, including perception, attention, memory, categorisation, language, problem-solving, and reasoning.

The aim is to provide comprehensive coverage that is up-to-date, authoritative, and accessible. All existing chapters have been extensively revised and several new chapters added. Some of the topics receiving much greater coverage in this edition are: depth perception, brain structures in perception, autobiographical memory, implicit memory, theories of reading, mood-congruent effects, connectionism, scientific discovery, and conditional reasoning.

Cognitive Psychology: A Student's Handbook will be essential reading for undergraduate students of psychology. It will also be of interest to students taking related courses in computer science, education, linguistics, physiology, and medicine. Cognitive psychology, Textbooks, Cognition, Kognitive Psychologie, Psychologie cognitive, Psychology, Cognitieve psychologie, Manuels d'enseignement, Einführung, Cognition & cognitive psychology, General, Cognition--textbooks, Cognitive psychology--textbooks, Bf311 .e935 2010, 153, 77.31"
Psychology and Work Today,"Duane P. Schultz, Sydney Ellen Schultz",1994.0,91321.0,/works/OL513155W,https://covers.openlibrary.org/b/id/91321-M.jpg,,"Industrial Psychology, Psychology, industrial, Organizational behavior, Psychology, applied","Psychology and Work Today Duane P. Schultz, Sydney Ellen Schultz  Industrial Psychology, Psychology, industrial, Organizational behavior, Psychology, applied"
Cognitive psychology,Robert J. Sternberg,2011.0,9720384.0,/works/OL16141667W,https://covers.openlibrary.org/b/id/9720384-M.jpg,"xxix, 609 p. : 26 cm",Cognitive psychology,"Cognitive psychology Robert J. Sternberg xxix, 609 p. : 26 cm Cognitive psychology"
Environmental Psychology,Paul A. Bell,1978.0,8311098.0,/works/OL6690147W,https://covers.openlibrary.org/b/id/8311098-M.jpg,,"Environmental psychology, Environment, Psychologie de l'environnement, Psychology, Behavior, Psychology [MESH]","Environmental Psychology Paul A. Bell  Environmental psychology, Environment, Psychologie de l'environnement, Psychology, Behavior, Psychology [MESH]"
Environmental Psychology,Robert Gifford,1987.0,9325594.0,/works/OL3259683W,https://covers.openlibrary.org/b/id/9325594-M.jpg,,Environmental psychology,Environmental Psychology Robert Gifford  Environmental psychology
A history of medical psychology,Gregory Zilboorg,1941.0,2412661.0,/works/OL6585470W,https://covers.openlibrary.org/b/id/2412661-M.jpg,This book is intended to serve as an introductory historical survey of medical psychology rather than of psychiatry. -- Foreword.,"Textbooks, Psychiatrie, Histoire, Psychology textbooks, Medische psychologie, Psychologie pathologique, Humanities textbooks, Psychiatry, History, Mental Disorders, Pathological Psychology, 44.07 behavioral medicine, 44.01 history of medicine, Psychology, pathological","A history of medical psychology Gregory Zilboorg This book is intended to serve as an introductory historical survey of medical psychology rather than of psychiatry. -- Foreword. Textbooks, Psychiatrie, Histoire, Psychology textbooks, Medische psychologie, Psychologie pathologique, Humanities textbooks, Psychiatry, History, Mental Disorders, Pathological Psychology, 44.07 behavioral medicine, 44.01 history of medicine, Psychology, pathological"
Psychologie de l'intelligence,Jean Piaget,1950.0,266456.0,/works/OL1303748W,https://covers.openlibrary.org/b/id/266456-M.jpg,"Think of developmental psychology, and the name of Jean Piaget immediately springs to mind. His theory of learning lies at the very heart of the modern understanding of the human learning process, and he is celebrated as the founding father of child psychology. A prolific writer, he is the author of more than 50 books and several hundred articles. This work is one of his most important works. Containing a complete synthesis of his thoughts on the mechanisms of intellectual development, it is an extraordinary volume by an extraordinary writer.","Intellect, Intelligentie, Cognitieve ontwikkeling, Intelligence [MESH], Perception [MESH], Space Perception [MESH], Thinking [MESH], Child Development [MESH], Intelligence","Psychologie de l'intelligence Jean Piaget Think of developmental psychology, and the name of Jean Piaget immediately springs to mind. His theory of learning lies at the very heart of the modern understanding of the human learning process, and he is celebrated as the founding father of child psychology. A prolific writer, he is the author of more than 50 books and several hundred articles. This work is one of his most important works. Containing a complete synthesis of his thoughts on the mechanisms of intellectual development, it is an extraordinary volume by an extraordinary writer. Intellect, Intelligentie, Cognitieve ontwikkeling, Intelligence [MESH], Perception [MESH], Space Perception [MESH], Thinking [MESH], Child Development [MESH], Intelligence"
The psychology of adolescence,Arthur Thomas Jersild,1957.0,7156297.0,/works/OL6917479W,https://covers.openlibrary.org/b/id/7156297-M.jpg,,"Adolescence, Adolescent psychology, Adolescent","The psychology of adolescence Arthur Thomas Jersild  Adolescence, Adolescent psychology, Adolescent"
Statistical reasoning in psychology and education,Edward W. Minium,1970.0,4003613.0,/works/OL1901087W,https://covers.openlibrary.org/b/id/4003613-M.jpg,,"Pädagogik, Estadística para psicólogos, Educational Psychology, Textbooks, Educational statistics, Psychometrics, Statistics textbooks, Psychology textbooks, Psychologie, Humanities textbooks, Mathematics textbooks, Statistik, Statistics as Topic, Psychology, Education, Psychométrie, Statistique de l'éducation, Statistiek, Onderwijs, Statistics","Statistical reasoning in psychology and education Edward W. Minium  Pädagogik, Estadística para psicólogos, Educational Psychology, Textbooks, Educational statistics, Psychometrics, Statistics textbooks, Psychology textbooks, Psychologie, Humanities textbooks, Mathematics textbooks, Statistik, Statistics as Topic, Psychology, Education, Psychométrie, Statistique de l'éducation, Statistiek, Onderwijs, Statistics"
Understanding psychology,"Charles G. Morris, Albert A. Maisto",2000.0,6986905.0,/works/OL16054895W,https://covers.openlibrary.org/b/id/6986905-M.jpg,,"Textbooks, Psychology","Understanding psychology Charles G. Morris, Albert A. Maisto  Textbooks, Psychology"
Psychological testing,"Kevin R. Murphy, Charles O. Davidshofer",1988.0,4006463.0,/works/OL2646872W,https://covers.openlibrary.org/b/id/4006463-M.jpg,,"Educational Measurement, Psychological tests, Psychometrics, Textbooks, Psychologische tests, Test, Tests psychologiques, Psychometrie, Psychodiagnostiek, Psychométrie, Psychologie","Psychological testing Kevin R. Murphy, Charles O. Davidshofer  Educational Measurement, Psychological tests, Psychometrics, Textbooks, Psychologische tests, Test, Tests psychologiques, Psychometrie, Psychodiagnostiek, Psychométrie, Psychologie"
Statistics for psychology,Arthur Aron,1994.0,89080.0,/works/OL1828511W,https://covers.openlibrary.org/b/id/89080-M.jpg,,"Statistical methods, Psychology, Textbooks, Psychometrics, Statistics textbooks, Psychology textbooks, Psychologie, Humanities textbooks, open_syllabus_project, Mathematics textbooks, Statistik, Statistics, Méthodes statistiques","Statistics for psychology Arthur Aron  Statistical methods, Psychology, Textbooks, Psychometrics, Statistics textbooks, Psychology textbooks, Psychologie, Humanities textbooks, open_syllabus_project, Mathematics textbooks, Statistik, Statistics, Méthodes statistiques"
Sport psychology,"Arnold D. LeUnes, Arnold D. Le Unes, Jack R. Nation, Arnold Leunes, Jack Nation",1989.0,4343020.0,/works/OL2965186W,https://covers.openlibrary.org/b/id/4343020-M.jpg,,"Sports, Psychological aspects of Sports, Psychological aspects, Aspect psychologique, Einfuhrung, Sportpsychologie, Psychology Of Sports, Sports & Recreation, SPO041000, SPO, Sports Psychology, Occupational & industrial psychology, Psychology, Sports, psychological aspects","Sport psychology Arnold D. LeUnes, Arnold D. Le Unes, Jack R. Nation, Arnold Leunes, Jack Nation  Sports, Psychological aspects of Sports, Psychological aspects, Aspect psychologique, Einfuhrung, Sportpsychologie, Psychology Of Sports, Sports & Recreation, SPO041000, SPO, Sports Psychology, Occupational & industrial psychology, Psychology, Sports, psychological aspects"
Human psychology,Howard C. Warren,1919.0,5842525.0,/works/OL7575474W,https://covers.openlibrary.org/b/id/5842525-M.jpg,"""The chapters of this textbook/reference volume introduce subjects such as neurophysiology, stimulus-response, behavior, conscious experience, perception, mental states, attitudes, character and personality, and the organization of mental life. Each chapter includes collateral reading suggestions as well as practical exercises"". (PsycINFO Database Record (c) 2005 APA, all rights reserved) for e-book ed.",Psychology,"Human psychology Howard C. Warren ""The chapters of this textbook/reference volume introduce subjects such as neurophysiology, stimulus-response, behavior, conscious experience, perception, mental states, attitudes, character and personality, and the organization of mental life. Each chapter includes collateral reading suggestions as well as practical exercises"". (PsycINFO Database Record (c) 2005 APA, all rights reserved) for e-book ed. Psychology"
Essentials of Understanding Psychology,"Robert S. Feldman, Feldman, Robert S.",1994.0,1088241.0,/works/OL280201W,https://covers.openlibrary.org/b/id/1088241-M.jpg,,"Textbooks, Psychology","Essentials of Understanding Psychology Robert S. Feldman, Feldman, Robert S.  Textbooks, Psychology"
Real World Psychology,"Karen Huffman, Catherine A. Sanderson",2013.0,13083339.0,/works/OL20347138W,https://covers.openlibrary.org/b/id/13083339-M.jpg,"""Real World Psychology, a brief version of Huffman's Psychology in Action, reflects Huffman's core ""student/active classroom"" philosophy and is designed specifically for the unique needs of those who demand big things from a small package. This text ties every single concept to a real-world, in-text example by utilizing case studies, photos, graphs, news stories and charts. This brief approach allows readers to grasp the ""big picture"" in psychology without an abundance of supplementary details""--",Psychology,"Real World Psychology Karen Huffman, Catherine A. Sanderson ""Real World Psychology, a brief version of Huffman's Psychology in Action, reflects Huffman's core ""student/active classroom"" philosophy and is designed specifically for the unique needs of those who demand big things from a small package. This text ties every single concept to a real-world, in-text example by utilizing case studies, photos, graphs, news stories and charts. This brief approach allows readers to grasp the ""big picture"" in psychology without an abundance of supplementary details""-- Psychology"
Psychological trauma,Bessel van der Kolk,1987.0,677010.0,/works/OL19410633W,https://covers.openlibrary.org/b/id/677010-M.jpg,,"Parent and child, Post-traumatic stress disorder in children, Life Change Events, Psychological Stress, Post-traumatic stress disorder, Violence, Stress Disorders, Post-Traumatic, Blutkrankheit, Sekundärkrankheit, Trauma, Posttraumatische stressstoornis, Trauma's (psychologie), Stress, Stress (Psychology), Aufsatzsammlung, Stress, psychological, Rc552.p67 p77 1987, Wm 172 v234p 1987, 616.85/2, Psychic trauma","Psychological trauma Bessel van der Kolk  Parent and child, Post-traumatic stress disorder in children, Life Change Events, Psychological Stress, Post-traumatic stress disorder, Violence, Stress Disorders, Post-Traumatic, Blutkrankheit, Sekundärkrankheit, Trauma, Posttraumatische stressstoornis, Trauma's (psychologie), Stress, Stress (Psychology), Aufsatzsammlung, Stress, psychological, Rc552.p67 p77 1987, Wm 172 v234p 1987, 616.85/2, Psychic trauma"
The psychology of adjustment,Leon Gorlow,1976.0,6600636.0,/works/OL19588368W,https://covers.openlibrary.org/b/id/6600636-M.jpg,,"Adjustment (Psychology), Psychologie, Psychological Adaptation, Behavior, Anpassung, Collected Works, Ajustement (Psychologie)","The psychology of adjustment Leon Gorlow  Adjustment (Psychology), Psychologie, Psychological Adaptation, Behavior, Anpassung, Collected Works, Ajustement (Psychologie)"
The Psychology of Fashion,Carolyn Mair,2018.0,9234703.0,/works/OL20593719W,https://covers.openlibrary.org/b/id/9234703-M.jpg,"What do our clothes say about us? How do the clothes we wear affect our moods and emotions? How does the fashion industry encourage us to aspire to look in a certain way? The Psychology of Fashion offers an insightful introduction to the exciting and dynamic world of fashion in relation to human behaviour, from how clothing can affect our cognitive processes to the way retail environments manipulate consumer behaviour. The book explores how fashion design can impact healthy body image, how psychology can inform a more sustainable perspective on the production and disposal of clothing, and why we develop certain shopping behaviours. With fashion imagery ever present in the streets, press and media, The Psychology of Fashion shows how fashion and psychology can make a positive difference to our lives--back cover.","Fashion, Body image, Identity (Psychology), Image du corps, Identité (Psychologie), Psychological aspects, HEALTH & FITNESS, Beauty & Grooming, K ̐ưorperbild, Mode, Psychologie, K�orperbild","The Psychology of Fashion Carolyn Mair What do our clothes say about us? How do the clothes we wear affect our moods and emotions? How does the fashion industry encourage us to aspire to look in a certain way? The Psychology of Fashion offers an insightful introduction to the exciting and dynamic world of fashion in relation to human behaviour, from how clothing can affect our cognitive processes to the way retail environments manipulate consumer behaviour. The book explores how fashion design can impact healthy body image, how psychology can inform a more sustainable perspective on the production and disposal of clothing, and why we develop certain shopping behaviours. With fashion imagery ever present in the streets, press and media, The Psychology of Fashion shows how fashion and psychology can make a positive difference to our lives--back cover. Fashion, Body image, Identity (Psychology), Image du corps, Identité (Psychologie), Psychological aspects, HEALTH & FITNESS, Beauty & Grooming, K ̐ưorperbild, Mode, Psychologie, K�orperbild"
The psychology of exercise,"Curt Lox, Kathleen Anne Martin, Steven J. Petruzzello",2003.0,6390353.0,/works/OL9182315W,https://covers.openlibrary.org/b/id/6390353-M.jpg,,"Psychological aspects of Exercise, Physical fitness, Psychological aspects, Psychological aspects of Physical fitness, Exercise, Health & Fitness, Consumer Health, Health/Fitness, Lichamelijke conditie, Exercice, Lichamelijke inspanning, Aspect psychologique, Sportpsychologie, Condition physique, Conditietraining","The psychology of exercise Curt Lox, Kathleen Anne Martin, Steven J. Petruzzello  Psychological aspects of Exercise, Physical fitness, Psychological aspects, Psychological aspects of Physical fitness, Exercise, Health & Fitness, Consumer Health, Health/Fitness, Lichamelijke conditie, Exercice, Lichamelijke inspanning, Aspect psychologique, Sportpsychologie, Condition physique, Conditietraining"
Psychology of Success,"Denis Waitley, Denis, Phd Waitley",1990.0,9843226.0,/works/OL2410308W,https://covers.openlibrary.org/b/id/9843226-M.jpg,,"Self-confidence, Success, Psychological aspects of Success, Psychological aspects, Self-esteem, Advice on careers & achieving success, Popular psychology, Psychological aspects, Self-confidence, Self-esteem, Success, Psychology, Success, psychological aspects","Psychology of Success Denis Waitley, Denis, Phd Waitley  Self-confidence, Success, Psychological aspects of Success, Psychological aspects, Self-esteem, Advice on careers & achieving success, Popular psychology, Psychological aspects, Self-confidence, Self-esteem, Success, Psychology, Success, psychological aspects"
The developmental psychology of Jean Piaget,John H. Flavell,1963.0,6655153.0,/works/OL2584692W,https://covers.openlibrary.org/b/id/6655153-M.jpg,,"Perception, Textbooks, Cognition, Desenvolvimento Da Crianca (Psicologia), Humanities textbooks, Ontwikkelingspsychologie, Psychology textbooks, Entwicklungspsychologie, Connaissance, Théorie de la, Psychologie du développement, Child Psychology, Intellect, Constructivisme (psychologie), Psychologie génétique, Intelligence","The developmental psychology of Jean Piaget John H. Flavell  Perception, Textbooks, Cognition, Desenvolvimento Da Crianca (Psicologia), Humanities textbooks, Ontwikkelingspsychologie, Psychology textbooks, Entwicklungspsychologie, Connaissance, Théorie de la, Psychologie du développement, Child Psychology, Intellect, Constructivisme (psychologie), Psychologie génétique, Intelligence"
Quantitative psychological research,David Clark-Carter,2004.0,2018527.0,/works/OL2155037W,https://covers.openlibrary.org/b/id/2018527-M.jpg,,"Psychology, Methodology, Research, Textbooks, Psychology, research, Psychology, methodology, Psychologie, Manuels, Recherche, Méthodologie, Psychology--research--methodology, Psychology--research--methodology--textbooks, Bf76.5 .c53 2010, 150.72","Quantitative psychological research David Clark-Carter  Psychology, Methodology, Research, Textbooks, Psychology, research, Psychology, methodology, Psychologie, Manuels, Recherche, Méthodologie, Psychology--research--methodology, Psychology--research--methodology--textbooks, Bf76.5 .c53 2010, 150.72"
Dark Psychology for Beginners,Judith Dawson,2021.0,0.0,/works/OL26002115W,,,,Dark Psychology for Beginners Judith Dawson  
Analytical psychology,Carl Gustav Jung,1916.0,1341713.0,/works/OL95164W,https://covers.openlibrary.org/b/id/1341713-M.jpg,,"Psychoanalysis, Jungian psychology","Analytical psychology Carl Gustav Jung  Psychoanalysis, Jungian psychology"
The principles of psychology,Herbert Spencer,1855.0,5750482.0,/works/OL1067707W,https://covers.openlibrary.org/b/id/5750482-M.jpg,,"Psychology, Intelligence","The principles of psychology Herbert Spencer  Psychology, Intelligence"
Psychology,"Stephen Worchel, Wayne Shebilske",1983.0,4960265.0,/works/OL2037342W,https://covers.openlibrary.org/b/id/4960265-M.jpg,,"Psychology, Textbooks, Applied Psychology, Psychology textbooks, Humanities textbooks, Psychology, Applied, Psychologie appliquee, Einfuhrung, Psychologie","Psychology Stephen Worchel, Wayne Shebilske  Psychology, Textbooks, Applied Psychology, Psychology textbooks, Humanities textbooks, Psychology, Applied, Psychologie appliquee, Einfuhrung, Psychologie"
AQA psychology,Cara Flanagan,2015.0,12590914.0,/works/OL27272910W,https://covers.openlibrary.org/b/id/12590914-M.jpg,,"Psychology, Study guides, Examinations, A-level examinations, Advanced supplementary examinations","AQA psychology Cara Flanagan  Psychology, Study guides, Examinations, A-level examinations, Advanced supplementary examinations"
Social psychology,Stephen L. Franzoi,1996.0,54826.0,/works/OL90604W,https://covers.openlibrary.org/b/id/54826-M.jpg,,Social psychology,Social psychology Stephen L. Franzoi  Social psychology
Introduction to clinical psychology,"Michael T. Nietzel, Nietzel, Bernstein, Kramer, Milich",1991.0,89914.0,/works/OL2699850W,https://covers.openlibrary.org/b/id/89914-M.jpg,,"Textbooks, Clinical psychology, Psychology, Clinical, Psychology textbooks, Humanities textbooks, Education, Cliff's/ Monarch / Barron's Book Notes, Education / Teaching, Book Notes, Study Aids / Book Notes, General","Introduction to clinical psychology Michael T. Nietzel, Nietzel, Bernstein, Kramer, Milich  Textbooks, Clinical psychology, Psychology, Clinical, Psychology textbooks, Humanities textbooks, Education, Cliff's/ Monarch / Barron's Book Notes, Education / Teaching, Book Notes, Study Aids / Book Notes, General"
Psychologie und Alchemie,Carl Gustav Jung,1944.0,4505252.0,/works/OL95168W,https://covers.openlibrary.org/b/id/4505252-M.jpg,,"Alchemy, Religious Psychology, Symbolism (Psychology), Dreams, Pathological Psychology, Psychological aspects of Alchemy, Psychology and religion, Jung, c. g. (carl gustav), 1875-1961, Psychoanalysis, Psychology, Religious aspects, Psychanalyse, HEALTH & FITNESS / Diseases / General, MEDICAL / Clinical Medicine, MEDICAL / Diseases, MEDICAL / Evidence-Based Medicine, MEDICAL / Internal Medicine","Psychologie und Alchemie Carl Gustav Jung  Alchemy, Religious Psychology, Symbolism (Psychology), Dreams, Pathological Psychology, Psychological aspects of Alchemy, Psychology and religion, Jung, c. g. (carl gustav), 1875-1961, Psychoanalysis, Psychology, Religious aspects, Psychanalyse, HEALTH & FITNESS / Diseases / General, MEDICAL / Clinical Medicine, MEDICAL / Diseases, MEDICAL / Evidence-Based Medicine, MEDICAL / Internal Medicine"
Evolutionary psychology,David M. Buss,1998.0,137975.0,/works/OL1919468W,https://covers.openlibrary.org/b/id/137975-M.jpg,"This revised text provides a comprehensive overview of the field of evolutionary psychology. It includes information on landmarks in human evolution, intuitive biology, women's long-term mating strategies, men's long-term mating strategies and problems of kinship.","Evolutionary psychology, Human evolution, Textbooks, Evolution, Psychology, Genetic psychology, Biological Evolution","Evolutionary psychology David M. Buss This revised text provides a comprehensive overview of the field of evolutionary psychology. It includes information on landmarks in human evolution, intuitive biology, women's long-term mating strategies, men's long-term mating strategies and problems of kinship. Evolutionary psychology, Human evolution, Textbooks, Evolution, Psychology, Genetic psychology, Biological Evolution"
Art and illusion,E. H. Gombrich,1960.0,4385891.0,/works/OL686192W,https://covers.openlibrary.org/b/id/4385891-M.jpg,"""Considered a great classic by all who seek a meeting ground between science and the humanities. Art and Illusion examines the history and psychology of pictorial representation in light of present-day theories of visual perception information and learning. Searching for a rational explanation of the changing styles of art, Gombrich reexamines many ideas on the imitation of nature and the function of tradition.

In testing his arguments he ranges over the history of art, noticing particularly the accomplishments of the ancient Greeks, and the visual discoveries of such masters as Leonardo da Vinci and Rembrandt, as well as the impressionists and the cubists. Gombrich's main concern is less with the artists than with ourselves, the beholders.""--BOOK JACKET.","Visual perception, Art, Psychology, Composition (Art), Kunstpsychologie, Art, psychology, Psychologie, Waarneming, Visualisatie, Kunst, Arte E Psicologia, Kunstbetrachtung, Malerei","Art and illusion E. H. Gombrich ""Considered a great classic by all who seek a meeting ground between science and the humanities. Art and Illusion examines the history and psychology of pictorial representation in light of present-day theories of visual perception information and learning. Searching for a rational explanation of the changing styles of art, Gombrich reexamines many ideas on the imitation of nature and the function of tradition.

In testing his arguments he ranges over the history of art, noticing particularly the accomplishments of the ancient Greeks, and the visual discoveries of such masters as Leonardo da Vinci and Rembrandt, as well as the impressionists and the cubists. Gombrich's main concern is less with the artists than with ourselves, the beholders.""--BOOK JACKET. Visual perception, Art, Psychology, Composition (Art), Kunstpsychologie, Art, psychology, Psychologie, Waarneming, Visualisatie, Kunst, Arte E Psicologia, Kunstbetrachtung, Malerei"
Influence,Robert B. Cialdini,2007.0,9287020.0,/works/OL20650168W,https://covers.openlibrary.org/b/id/9287020-M.jpg,,,Influence Robert B. Cialdini  
Introduction to Industrial/Organizational Psychology,Ronald E. Riggio,1990.0,4650659.0,/works/OL3751588W,https://covers.openlibrary.org/b/id/4650659-M.jpg,,"Industrial Psychology, Organizational change, Psychology, industrial","Introduction to Industrial/Organizational Psychology Ronald E. Riggio  Industrial Psychology, Organizational change, Psychology, industrial"
Organizational psychology,"Schein, Edgar H.",1965.0,4521602.0,/works/OL1906632W,https://covers.openlibrary.org/b/id/4521602-M.jpg,,"Industrial Psychology, Industrial sociology, Psychologie industrielle, Sociologie industrielle, Psychologie du travail, Arbeids- en organisatiepsychologie, Organisationspsychologie, Ergonomics, Psychology, Social Psychology","Organizational psychology Schein, Edgar H.  Industrial Psychology, Industrial sociology, Psychologie industrielle, Sociologie industrielle, Psychologie du travail, Arbeids- en organisatiepsychologie, Organisationspsychologie, Ergonomics, Psychology, Social Psychology"
Forensic psychology,"Lawrence S. Wrightsman, Solomon M. Fulero",2000.0,4665797.0,/works/OL2672774W,https://covers.openlibrary.org/b/id/4665797-M.jpg,,"Forensic psychology, Psychology, Forensic, Textbooks, Forensic Psychiatry, Beroepseisen, Methods, Gerechtelijke psychologie, Psychologie légale, Manuels d'enseignement supérieur, Gerichtliche Psychologie","Forensic psychology Lawrence S. Wrightsman, Solomon M. Fulero  Forensic psychology, Psychology, Forensic, Textbooks, Forensic Psychiatry, Beroepseisen, Methods, Gerechtelijke psychologie, Psychologie légale, Manuels d'enseignement supérieur, Gerichtliche Psychologie"
Do Not Disturb,Freida McFadden,2021.0,15096889.0,/works/OL35335015W,https://covers.openlibrary.org/b/id/15096889-M.jpg,"**Quinn Alexander has committed an unthinkable crime.**

To avoid spending her life in prison, Quinn makes a run for it. She leaves behind her home, her job, and her family. She grabs her passport and heads for the northern border before the police can discover what she's done.

But when an unexpected snowstorm forces her off the road, Quinn must take refuge at the broken-down, isolated Baxter Motel. The handsome and kindly owner, Nick Baxter, is only too happy to offer her a cheap room for the night.

Unfortunately, the Baxter Motel isn't the quiet, safe haven it seemed to be. The motel has a dark and disturbing past. And in the dilapidated house across the way, the silhouette of Nick's ailing wife is always at the window. Always watching.

In the morning, Quinn must leave the motel. She'll pack up her belongings and get back on the road to freedom.","Thriller, Mystery, Mystery Thriller, Fiction, Suspense, Psychological Thriller, Crime, Contemporary","Do Not Disturb Freida McFadden **Quinn Alexander has committed an unthinkable crime.**

To avoid spending her life in prison, Quinn makes a run for it. She leaves behind her home, her job, and her family. She grabs her passport and heads for the northern border before the police can discover what she's done.

But when an unexpected snowstorm forces her off the road, Quinn must take refuge at the broken-down, isolated Baxter Motel. The handsome and kindly owner, Nick Baxter, is only too happy to offer her a cheap room for the night.

Unfortunately, the Baxter Motel isn't the quiet, safe haven it seemed to be. The motel has a dark and disturbing past. And in the dilapidated house across the way, the silhouette of Nick's ailing wife is always at the window. Always watching.

In the morning, Quinn must leave the motel. She'll pack up her belongings and get back on the road to freedom. Thriller, Mystery, Mystery Thriller, Fiction, Suspense, Psychological Thriller, Crime, Contemporary"
Stages of faith,James W. Fowler,1981.0,32119.0,/works/OL3241528W,https://covers.openlibrary.org/b/id/32119-M.jpg,"To help the understanding of a pilgrimage of faith, the passages for a quest for meaning.","Developmental psychology, Meaning (Philosophy), Faith development, Faith, Psychologische aspecten, Philosophy, Psychologie du d©♭veloppement, Religion and Psychology, Signification (Philosophie), Psychologie du développement, Geloof, Identiteit, Foi, Christian life, African Americans, Riots, History, Social conditions, Race Relations","Stages of faith James W. Fowler To help the understanding of a pilgrimage of faith, the passages for a quest for meaning. Developmental psychology, Meaning (Philosophy), Faith development, Faith, Psychologische aspecten, Philosophy, Psychologie du d©♭veloppement, Religion and Psychology, Signification (Philosophie), Psychologie du développement, Geloof, Identiteit, Foi, Christian life, African Americans, Riots, History, Social conditions, Race Relations"
Psychological Science,"Michael Gazzaniga, Diane Halpern",2009.0,10077675.0,/works/OL20786315W,https://covers.openlibrary.org/b/id/10077675-M.jpg,5th,"Psychology, Textbooks","Psychological Science Michael Gazzaniga, Diane Halpern 5th Psychology, Textbooks"
Industrial and Organizational Psychology,Paul E. Spector,1995.0,1246574.0,/works/OL2631076W,https://covers.openlibrary.org/b/id/1246574-M.jpg,,"Industrial Psychology, Personnel management, Psychology, Industrial, Direction, Personnel Management, Personnel, Betriebspsychologie, Conditions de travail, Comportement organisationnel, Personalpolitik, Organisationspsychologie, Formation, Arbeids- en organisatiepsychologie, Psychologie du travail, Industriepsychologie, Psychology, industrial","Industrial and Organizational Psychology Paul E. Spector  Industrial Psychology, Personnel management, Psychology, Industrial, Direction, Personnel Management, Personnel, Betriebspsychologie, Conditions de travail, Comportement organisationnel, Personalpolitik, Organisationspsychologie, Formation, Arbeids- en organisatiepsychologie, Psychologie du travail, Industriepsychologie, Psychology, industrial"
The Psychology of Totalitarianism,Mattias Desmet,2022.0,12775761.0,/works/OL27299886W,https://covers.openlibrary.org/b/id/12775761-M.jpg,"The world is in the grips of mass formation—a dangerous, collective type of hypnosis—as we bear witness to loneliness, free-floating anxiety, and fear giving way to censorship, loss of privacy, and surrendered freedoms. It is all spurred by a singular, focused crisis narrative that forbids dissident views and relies on destructive groupthink.

Desmet’s work on mass formation theory was brought to the world’s attention on The Joe Rogan Experience and in major alternative news outlets around the globe. Read this book to get beyond the sound bites!

Totalitarianism is not a coincidence and does not form in a vacuum. It arises from a collective psychosis that has followed a predictable script throughout history, its formation gaining strength and speed with each generation—from the Jacobins to the Nazis and Stalinists—as technology advances. Governments, mass media, and other mechanized forces use fear, loneliness, and isolation to demoralize populations and exert control, persuading large groups of people to act against their own interests, always with destructive results.

In The Psychology of Totalitarianism, world-renowned Professor of Clinical Psychology Mattias Desmet deconstructs the societal conditions that allow this collective psychosis to take hold. By looking at our current situation and identifying the phenomenon of “mass formation”—a type of collective hypnosis—he clearly illustrates how close we are to surrendering to totalitarian regimes.

With detailed analyses, examples, and results from years of research, Desmet lays out the steps that lead toward mass formation, including:

 - An overall sense of loneliness and lack of social connections and bonds
 - A lack of meaning—unsatisfying “bullsh*t jobs” that don’t offer purpose 
 - Free-floating anxiety and discontent that arise from loneliness and lack of meaning
 - Manifestation of frustration and aggression from anxiety
 - Emergence of a consistent narrative from government officials, mass media, etc., that exploits and
   channels frustration and anxiety

In addition to clear psychological analysis—and building on Hannah Arendt’s essential work on totalitarianism, The Origins of Totalitarianism—Desmet offers a sharp critique of the cultural “groupthink” that existed prior to the pandemic and advanced during the COVID crisis. He cautions against the dangers of our current societal landscape, media consumption, and reliance on manipulative technologies and then offers simple solutions—both individual and collective—to prevent the willing sacrifice of our freedoms.

“We can honor the right to freedom of expression and the right to self-determination without feeling threatened by each other,” Desmet writes. “But there is a point where we must stop losing ourselves in the crowd to experience meaning and connection. That is the point where the winter of totalitarianism gives way to a spring of life.”

> “Desmet has an . . . important take on everything that’s happening in the world right now.”—Aubrey Marcus, podcast host
> 
> “[Desmet] is waking a lot of people up to the dangerous place we are now with a brilliant distillation of how we ended up here.”—Robert F. Kennedy, Jr.","totalitarianism, cultural and media studies, political science and theory, fascism, pandemics, psychology, human behavior, stress, Media & Internet in Politics, Privacy & Surveillance","The Psychology of Totalitarianism Mattias Desmet The world is in the grips of mass formation—a dangerous, collective type of hypnosis—as we bear witness to loneliness, free-floating anxiety, and fear giving way to censorship, loss of privacy, and surrendered freedoms. It is all spurred by a singular, focused crisis narrative that forbids dissident views and relies on destructive groupthink.

Desmet’s work on mass formation theory was brought to the world’s attention on The Joe Rogan Experience and in major alternative news outlets around the globe. Read this book to get beyond the sound bites!

Totalitarianism is not a coincidence and does not form in a vacuum. It arises from a collective psychosis that has followed a predictable script throughout history, its formation gaining strength and speed with each generation—from the Jacobins to the Nazis and Stalinists—as technology advances. Governments, mass media, and other mechanized forces use fear, loneliness, and isolation to demoralize populations and exert control, persuading large groups of people to act against their own interests, always with destructive results.

In The Psychology of Totalitarianism, world-renowned Professor of Clinical Psychology Mattias Desmet deconstructs the societal conditions that allow this collective psychosis to take hold. By looking at our current situation and identifying the phenomenon of “mass formation”—a type of collective hypnosis—he clearly illustrates how close we are to surrendering to totalitarian regimes.

With detailed analyses, examples, and results from years of research, Desmet lays out the steps that lead toward mass formation, including:

 - An overall sense of loneliness and lack of social connections and bonds
 - A lack of meaning—unsatisfying “bullsh*t jobs” that don’t offer purpose 
 - Free-floating anxiety and discontent that arise from loneliness and lack of meaning
 - Manifestation of frustration and aggression from anxiety
 - Emergence of a consistent narrative from government officials, mass media, etc., that exploits and
   channels frustration and anxiety

In addition to clear psychological analysis—and building on Hannah Arendt’s essential work on totalitarianism, The Origins of Totalitarianism—Desmet offers a sharp critique of the cultural “groupthink” that existed prior to the pandemic and advanced during the COVID crisis. He cautions against the dangers of our current societal landscape, media consumption, and reliance on manipulative technologies and then offers simple solutions—both individual and collective—to prevent the willing sacrifice of our freedoms.

“We can honor the right to freedom of expression and the right to self-determination without feeling threatened by each other,” Desmet writes. “But there is a point where we must stop losing ourselves in the crowd to experience meaning and connection. That is the point where the winter of totalitarianism gives way to a spring of life.”

> “Desmet has an . . . important take on everything that’s happening in the world right now.”—Aubrey Marcus, podcast host
> 
> “[Desmet] is waking a lot of people up to the dangerous place we are now with a brilliant distillation of how we ended up here.”—Robert F. Kennedy, Jr. totalitarianism, cultural and media studies, political science and theory, fascism, pandemics, psychology, human behavior, stress, Media & Internet in Politics, Privacy & Surveillance"
Psychology,Joshua R. Gerow,1986.0,4651087.0,/works/OL2922314W,https://covers.openlibrary.org/b/id/4651087-M.jpg,,"Psychology, Textbooks, Psychology textbooks, Humanities textbooks, Psychology, examinations, questions, etc.","Psychology Joshua R. Gerow  Psychology, Textbooks, Psychology textbooks, Humanities textbooks, Psychology, examinations, questions, etc."
Modern clinical psychology,Sheldon J. Korchin,1976.0,4448077.0,/works/OL6900491W,https://covers.openlibrary.org/b/id/4448077-M.jpg,,"Psychologie clinique, Clinical psychology, Psychothérapie, Klinische psychologie, Personality assessment, Social Psychology, Psychotherapy, Personnalité, Évaluation de la","Modern clinical psychology Sheldon J. Korchin  Psychologie clinique, Clinical psychology, Psychothérapie, Klinische psychologie, Personality assessment, Social Psychology, Psychotherapy, Personnalité, Évaluation de la"
Social psychology,Michael A. Hogg,2011.0,9806891.0,/works/OL15521878W,https://covers.openlibrary.org/b/id/9806891-M.jpg,,"Social psychology, Socialpsykologi","Social psychology Michael A. Hogg  Social psychology, Socialpsykologi"
Cognitive psychology,Ulric Neisser,1967.0,8102918.0,/works/OL6910503W,https://covers.openlibrary.org/b/id/8102918-M.jpg,,"Cognition, Kognitive Psychologie, Psychologie, Tonpsychologie, Visuelle Wahrnehmung, Cognitie, Psychologie cognitive, Perception visuelle, Perception auditive, Mémoire, Memory, Psychology","Cognitive psychology Ulric Neisser  Cognition, Kognitive Psychologie, Psychologie, Tonpsychologie, Visuelle Wahrnehmung, Cognitie, Psychologie cognitive, Perception visuelle, Perception auditive, Mémoire, Memory, Psychology"
Abnormal Psychology,"James Neal Butcher, Susan Mineka, Jill M. Hooley",2004.0,1146484.0,/works/OL21406908W,https://covers.openlibrary.org/b/id/1146484-M.jpg,,"Psychology, pathological, Pathological Psychology, Psychiatry","Abnormal Psychology James Neal Butcher, Susan Mineka, Jill M. Hooley  Psychology, pathological, Pathological Psychology, Psychiatry"
Influence,Modern Psychology Publishing,2017.0,11311783.0,/works/OL24633312W,https://covers.openlibrary.org/b/id/11311783-M.jpg,,,Influence Modern Psychology Publishing  
Choice Theory,William Glasser,1998.0,40616.0,/works/OL572170W,https://covers.openlibrary.org/b/id/40616-M.jpg,"Dr. William Glasser offers a new psychology that, if practiced, could reverse our widespread inability to get along with one another, an inability that is the source of almost all unhappiness.

For progress in human relationships, he explains that we must give up the punishing, relationship–destroying external control psychology. For example, if you are in an unhappy relationship right now, he proposes that one or both of you could be using external control psychology on the other. He goes further. And suggests that misery is always related to a current unsatisfying relationship. Contrary to what you may believe, your troubles are always now, never in the past. No one can change what happened yesterday.","Psychology, Reality therapy, Conduct of life, Choice (psychology), Interpersonal relations","Choice Theory William Glasser Dr. William Glasser offers a new psychology that, if practiced, could reverse our widespread inability to get along with one another, an inability that is the source of almost all unhappiness.

For progress in human relationships, he explains that we must give up the punishing, relationship–destroying external control psychology. For example, if you are in an unhappy relationship right now, he proposes that one or both of you could be using external control psychology on the other. He goes further. And suggests that misery is always related to a current unsatisfying relationship. Contrary to what you may believe, your troubles are always now, never in the past. No one can change what happened yesterday. Psychology, Reality therapy, Conduct of life, Choice (psychology), Interpersonal relations"
Educational psychology by Rudolf Pintner and others,Educational psychology.,1956.0,0.0,/works/OL13550867W,,,Psychologie pédagogique,Educational psychology by Rudolf Pintner and others Educational psychology.  Psychologie pédagogique
The happiness advantage,Shawn Achor,2010.0,6938464.0,/works/OL15674042W,https://covers.openlibrary.org/b/id/6938464-M.jpg,"Recent discoveries in the field of positive psychology have shown that happiness fuels success, not the other way around. Achor isolates seven practical, actionable principles that show how to capitalize on the Happiness Advantage to improve performance and maximize potential.","Work, Positive psychology, Psychological aspects, Happiness, Work, psychological aspects, Psychology, PSYCHOLOGY & PSYCHIATRY, Success, Applied Psychology, General, BUSINESS & ECONOMICS, SELF-HELP, Personal Growth, Success in business, Attitude","The happiness advantage Shawn Achor Recent discoveries in the field of positive psychology have shown that happiness fuels success, not the other way around. Achor isolates seven practical, actionable principles that show how to capitalize on the Happiness Advantage to improve performance and maximize potential. Work, Positive psychology, Psychological aspects, Happiness, Work, psychological aspects, Psychology, PSYCHOLOGY & PSYCHIATRY, Success, Applied Psychology, General, BUSINESS & ECONOMICS, SELF-HELP, Personal Growth, Success in business, Attitude"
Theories of developmental psychology,Patricia H. Miller,2011.0,9439569.0,/works/OL16010083W,https://covers.openlibrary.org/b/id/9439569-M.jpg,,"Human Development, Philosophy, Psychological Theory, Developmental psychology, Child psychology, Psychology, philosophy, Developmental psychology--philosophy, Child psychology--philosophy, Child development, Psychology, child, Entwicklungspsychologie, Theorie, Richtungen, Bf713 .m55 2011, 2013 e-959, Ws 105, 155.01, Cq 1000, Psy 350f","Theories of developmental psychology Patricia H. Miller  Human Development, Philosophy, Psychological Theory, Developmental psychology, Child psychology, Psychology, philosophy, Developmental psychology--philosophy, Child psychology--philosophy, Child development, Psychology, child, Entwicklungspsychologie, Theorie, Richtungen, Bf713 .m55 2011, 2013 e-959, Ws 105, 155.01, Cq 1000, Psy 350f"
"Studies in the Psychology of Sex, Vol. I",Havelock Ellis,1896.0,13185037.0,/works/OL17008756W,https://covers.openlibrary.org/b/id/13185037-M.jpg,,"Homosexuality, Sexual Behavior, Masturbation, Male Homosexuality, Female Homosexuality, History, Sex, queer, queer history, Paraphilias, Female Homposexuality, Adolescent Behavior, Sex (Psychology), Paraphilic Disorders","Studies in the Psychology of Sex, Vol. I Havelock Ellis  Homosexuality, Sexual Behavior, Masturbation, Male Homosexuality, Female Homosexuality, History, Sex, queer, queer history, Paraphilias, Female Homposexuality, Adolescent Behavior, Sex (Psychology), Paraphilic Disorders"
Fundamental statistics in psychology and education,J. P. Guilford,1942.0,4494851.0,/works/OL4540818W,https://covers.openlibrary.org/b/id/4494851-M.jpg,,"Statistics, Education, Psychometrics, Educational statistics, Psychology, Psychométrie, Statistiek, Onderwijs, Statistique, Psychometrie, Statistique de l'éducation, Erziehung, Estatistica, Psychologie, Pädagogik, Statistik, Statistique de l'education, Éducation, Statistiques, 31.73 mathematical statistics, 77.07 psychometrics","Fundamental statistics in psychology and education J. P. Guilford  Statistics, Education, Psychometrics, Educational statistics, Psychology, Psychométrie, Statistiek, Onderwijs, Statistique, Psychometrie, Statistique de l'éducation, Erziehung, Estatistica, Psychologie, Pädagogik, Statistik, Statistique de l'education, Éducation, Statistiques, 31.73 mathematical statistics, 77.07 psychometrics"
Psychology,"Saundra K. Ciccarelli, J. Noland White",2006.0,12859818.0,/works/OL21650649W,https://covers.openlibrary.org/b/id/12859818-M.jpg,,Psychology,"Psychology Saundra K. Ciccarelli, J. Noland White  Psychology"
The Psychology of Consciousness (Arkana),Robert Ornstein,1972.0,98306.0,/works/OL2679963W,https://covers.openlibrary.org/b/id/98306-M.jpg,A Series of books in psychology; Variation: Series of books in psychology.,"Consciousness, Conscience, Bewustzijn, Time perception, Human information processing, Psychologie, Psychology, Spirituality","The Psychology of Consciousness (Arkana) Robert Ornstein A Series of books in psychology; Variation: Series of books in psychology. Consciousness, Conscience, Bewustzijn, Time perception, Human information processing, Psychologie, Psychology, Spirituality"
The Psychology Of Human Sexuality,Justin J. Lehmiller,2013.0,7705944.0,/works/OL17502086W,https://covers.openlibrary.org/b/id/7705944-M.jpg,"Comprehensive overview of the science behind human sexual behavior from a biopsychosocial perspective. By emphasizing psychological research and theory on human sexuality, Lehmiller reveals the psychological importance of possessing familiarity with one's body for forming healthy sexual relationships, and shows how a lack of such knowledge can lead to sexual and relationship difficulties. Designed to be inclusive and respectful of a diverse audience, Lehmiller's analysis also includes instructor resources designed to facilitate a dynamic and interactive classroom environment and enhance critical thinking.","Sex (Psychology), Sex (Biology), Human sexuality, Social sciences -> psychology -> human sexuality, Ps47, Ps42, Ps46","The Psychology Of Human Sexuality Justin J. Lehmiller Comprehensive overview of the science behind human sexual behavior from a biopsychosocial perspective. By emphasizing psychological research and theory on human sexuality, Lehmiller reveals the psychological importance of possessing familiarity with one's body for forming healthy sexual relationships, and shows how a lack of such knowledge can lead to sexual and relationship difficulties. Designed to be inclusive and respectful of a diverse audience, Lehmiller's analysis also includes instructor resources designed to facilitate a dynamic and interactive classroom environment and enhance critical thinking. Sex (Psychology), Sex (Biology), Human sexuality, Social sciences -> psychology -> human sexuality, Ps47, Ps42, Ps46"
Psychology of Entrepreneurship,"J. Robert Baum, Michael Frese, Robert A. Baron",2006.0,13220278.0,/works/OL21048627W,https://covers.openlibrary.org/b/id/13220278-M.jpg,,"Entrepreneurship, Psychological aspects, PSYCHOLOGY / Industrial & Organizational Psychology, BUSINESS & ECONOMICS / Entrepreneurship","Psychology of Entrepreneurship J. Robert Baum, Michael Frese, Robert A. Baron  Entrepreneurship, Psychological aspects, PSYCHOLOGY / Industrial & Organizational Psychology, BUSINESS & ECONOMICS / Entrepreneurship"
She,Robert A. Johnson,1977.0,5531205.0,/works/OL1996328W,https://covers.openlibrary.org/b/id/5531205-M.jpg,,"Psychology, Women, Femmes, Psychologie, Women, psychology, Women--psychology, Hq1206 .j63 1989, 155.3/33","She Robert A. Johnson  Psychology, Women, Femmes, Psychologie, Women, psychology, Women--psychology, Hq1206 .j63 1989, 155.3/33"
The Perfect Son,Freida McFadden,2020.0,14652484.0,/works/OL22013604W,https://covers.openlibrary.org/b/id/14652484-M.jpg,"**All families have secrets. But some secrets are deadly.**

Erika Cass has a perfect family and a perfect life. Until, one quiet evening, two detectives show up at her front door.

""Mrs. Cass, we were hoping your son could answer a few questions about the girl who disappeared last night...""

A high school girl has vanished from their quiet neighborhood, and the police suspect the worst. Erika's teenage son, Liam, was the last person to see the girl alive.

Erika has always sensed something… different in her seemingly perfect oldest child. He's charming, smart, and popular, but mothers have the best instincts, and Erika knows there's more to her son than meets the eye. She wants to believe he's innocent, but as the evidence mounts, she can't deny the truth―Liam may have done the unthinkable.","nyt:trade-fiction-paperback=2024-08-25, New York Times bestseller, Thriller, Mystery, Mystery Thriller, Fiction, Suspense, Psychological Thriller, Crime","The Perfect Son Freida McFadden **All families have secrets. But some secrets are deadly.**

Erika Cass has a perfect family and a perfect life. Until, one quiet evening, two detectives show up at her front door.

""Mrs. Cass, we were hoping your son could answer a few questions about the girl who disappeared last night...""

A high school girl has vanished from their quiet neighborhood, and the police suspect the worst. Erika's teenage son, Liam, was the last person to see the girl alive.

Erika has always sensed something… different in her seemingly perfect oldest child. He's charming, smart, and popular, but mothers have the best instincts, and Erika knows there's more to her son than meets the eye. She wants to believe he's innocent, but as the evidence mounts, she can't deny the truth―Liam may have done the unthinkable. nyt:trade-fiction-paperback=2024-08-25, New York Times bestseller, Thriller, Mystery, Mystery Thriller, Fiction, Suspense, Psychological Thriller, Crime"
Abnormal psychology,Ann M. Kring,2005.0,306353.0,/works/OL21176025W,https://covers.openlibrary.org/b/id/306353-M.jpg,,"Psychopathology, Mental Disorders, Pathological Psychology, Psychology, pathological, Psychopathologie","Abnormal psychology Ann M. Kring  Psychopathology, Mental Disorders, Pathological Psychology, Psychology, pathological, Psychopathologie"
Psychological Science,"Mark A. Krause, Daniel Corts",2012.0,9317881.0,/works/OL16184565W,https://covers.openlibrary.org/b/id/9317881-M.jpg,,"Study and teaching, Psychology, Psychology, study and teaching","Psychological Science Mark A. Krause, Daniel Corts  Study and teaching, Psychology, Psychology, study and teaching"
Psychological warfare,Paul Myron Anthony Linebarger,1948.0,6918833.0,/works/OL5430292W,https://covers.openlibrary.org/b/id/6918833-M.jpg,A classic treatise on psychological warfare's history and operations.,Psychological warfare,Psychological warfare Paul Myron Anthony Linebarger A classic treatise on psychological warfare's history and operations. Psychological warfare
Bundle,James W. Kalat,2012.0,10328308.0,/works/OL21156634W,https://covers.openlibrary.org/b/id/10328308-M.jpg,,,Bundle James W. Kalat  
Psychology,"Gillian Butler, Freda McManus",1998.0,119835.0,/works/OL2742365W,https://covers.openlibrary.org/b/id/119835-M.jpg,"Considering such questions as what psychologists are trying to do, and the scientific grounding they have for their approach Butler provides an understanding of some of psychology's leading ideas and their practical relevance.","Psychology, Psychologie","Psychology Gillian Butler, Freda McManus Considering such questions as what psychologists are trying to do, and the scientific grounding they have for their approach Butler provides an understanding of some of psychology's leading ideas and their practical relevance. Psychology, Psychologie"
Introduction to clinical psychology,"Geoffrey P. Kramer, Douglas A. Bernstein, Vicki Phares",2009.0,12184061.0,/works/OL18675512W,https://covers.openlibrary.org/b/id/12184061-M.jpg,,Clinical psychology,"Introduction to clinical psychology Geoffrey P. Kramer, Douglas A. Bernstein, Vicki Phares  Clinical psychology"
Psychologie de l'enfant,"Jean Piaget, Bärbel Inhelder",1969.0,10045768.0,/works/OL15341296W,https://covers.openlibrary.org/b/id/10045768-M.jpg,,"Child development, Child psychology, Cognitieve ontwikkeling, Psychologie, Kinderen, Enfants, Kinderpsychologie, Psychology","Psychologie de l'enfant Jean Piaget, Bärbel Inhelder  Child development, Child psychology, Cognitieve ontwikkeling, Psychologie, Kinderen, Enfants, Kinderpsychologie, Psychology"
Evolutionary psychology,"Lance Workman, Will Reader",2004.0,356452.0,/works/OL20602025W,https://covers.openlibrary.org/b/id/356452-M.jpg,"""This textbook offers an introduction to the complex but fascinating science of evolutionary psychology. By focusing on the way mind and behaviour have developed and adapted to evolutionary pressures the authors show the relevance of an evolutionary approach to all areas of psychology and have created a stand-alone text that will also complement traditional courses. Not only are standard topics such as natural selection and sexual selection covered but also areas where there has been much exciting new research such as the evolution of the emotions, evolution and child development, the evolution of language and Darwinian medicine."" ""The authors' objective perspective will be much appreciated in this often controversial area. Each chapter features a preview and list of key terms, boxes highlighting case studies and the latest research, a summary and a guide to further reading.""--Jacket.","Evolutionary psychology, Evolution, Psychology, Psicologia (evolucʹao), Textbooks, Evolutionstheorie, Psychologie evolutionniste, Evolutionspsychologie, Manuels d'enseignement superieur, Psychologie","Evolutionary psychology Lance Workman, Will Reader ""This textbook offers an introduction to the complex but fascinating science of evolutionary psychology. By focusing on the way mind and behaviour have developed and adapted to evolutionary pressures the authors show the relevance of an evolutionary approach to all areas of psychology and have created a stand-alone text that will also complement traditional courses. Not only are standard topics such as natural selection and sexual selection covered but also areas where there has been much exciting new research such as the evolution of the emotions, evolution and child development, the evolution of language and Darwinian medicine."" ""The authors' objective perspective will be much appreciated in this often controversial area. Each chapter features a preview and list of key terms, boxes highlighting case studies and the latest research, a summary and a guide to further reading.""--Jacket. Evolutionary psychology, Evolution, Psychology, Psicologia (evolucʹao), Textbooks, Evolutionstheorie, Psychologie evolutionniste, Evolutionspsychologie, Manuels d'enseignement superieur, Psychologie"
Dark Psychology,Richard Campbell,2019.0,12054055.0,/works/OL25838781W,https://covers.openlibrary.org/b/id/12054055-M.jpg,,,Dark Psychology Richard Campbell  
Understanding psychology,"Charles G. Morris, Albert A Maisto",1991.0,2322740.0,/works/OL24857446W,https://covers.openlibrary.org/b/id/2322740-M.jpg,,"Psychology, Textbooks","Understanding psychology Charles G. Morris, Albert A Maisto  Psychology, Textbooks"
Dark Psychology,Leonard Moore,2017.0,12009673.0,/works/OL25312105W,https://covers.openlibrary.org/b/id/12009673-M.jpg,,,Dark Psychology Leonard Moore  
Educational psychology,John W. Santrock,2010.0,12491236.0,/works/OL26454579W,https://covers.openlibrary.org/b/id/12491236-M.jpg,"""Throughout three editions, professors and students note that Educational Psychology successfully includes many practical applications to the theoretical perspectives outlined, so that beginning teachers understand the connection between theory and practice. It's supplements and links to practical aspects motivate students, while it's teaching stories inspire teachers on how to structure their classrooms to bring out the best from each child.""--Publisher's website.","Educational psychology, Textbooks, Teaching, Psychopédagogie, Manuels d'enseignement supérieur, Pédagogie","Educational psychology John W. Santrock ""Throughout three editions, professors and students note that Educational Psychology successfully includes many practical applications to the theoretical perspectives outlined, so that beginning teachers understand the connection between theory and practice. It's supplements and links to practical aspects motivate students, while it's teaching stories inspire teachers on how to structure their classrooms to bring out the best from each child.""--Publisher's website. Educational psychology, Textbooks, Teaching, Psychopédagogie, Manuels d'enseignement supérieur, Pédagogie"
Principles of general psychology,Gregory A. Kimble,1956.0,6616273.0,/works/OL2929092W,https://covers.openlibrary.org/b/id/6616273-M.jpg,,"Psychology, Textbooks, Psychology textbooks, Humanities textbooks, Psychology [MESH]","Principles of general psychology Gregory A. Kimble  Psychology, Textbooks, Psychology textbooks, Humanities textbooks, Psychology [MESH]"
The psychological treatment of depression,J. Mark G. Williams,1984.0,4009036.0,/works/OL2100107W,https://covers.openlibrary.org/b/id/4009036-M.jpg,,"Behavior therapy, Cognitive therapy, Depression, Depression, Mental, Depression,Mental, Mental Depression, Therapy, Treatment, Depressies (psychiatrie), Psychotherapie, Therapie de comportement, Therapie, Therapie cognitive, Thérapie cognitive, Dépression, Thérapie de comportement, Psychopathology, PSYCHOLOGY, Depressive Disorder, Mood Disorders, SELF-HELP, Cognitive Behavioral Therapy, Internal medicine","The psychological treatment of depression J. Mark G. Williams  Behavior therapy, Cognitive therapy, Depression, Depression, Mental, Depression,Mental, Mental Depression, Therapy, Treatment, Depressies (psychiatrie), Psychotherapie, Therapie de comportement, Therapie, Therapie cognitive, Thérapie cognitive, Dépression, Thérapie de comportement, Psychopathology, PSYCHOLOGY, Depressive Disorder, Mood Disorders, SELF-HELP, Cognitive Behavioral Therapy, Internal medicine"
Evolutionary Psychology,David Buss,2003.0,5412957.0,/works/OL8024439W,https://covers.openlibrary.org/b/id/5412957-M.jpg,,"Textbooks, Evolutionary psychology, Human evolution, Evolutionspsykologi, Evolutionary psychology--textbooks, Human evolution--textbooks, Bf698.95 .b87 2015, 155.7","Evolutionary Psychology David Buss  Textbooks, Evolutionary psychology, Human evolution, Evolutionspsykologi, Evolutionary psychology--textbooks, Human evolution--textbooks, Bf698.95 .b87 2015, 155.7"
Physiological psychology,Clifford Thomas Morgan,1943.0,6661582.0,/works/OL5098993W,https://covers.openlibrary.org/b/id/6661582-M.jpg,,"Psychophysiologie, Psychophysiology, Comportement humain, Psychofysiologie, Physiologie","Physiological psychology Clifford Thomas Morgan  Psychophysiologie, Psychophysiology, Comportement humain, Psychofysiologie, Physiologie"
The psychology of prejudice and discrimination,"Bernard E. Whitley, Mary E. Kite",2005.0,365097.0,/works/OL2936902W,https://covers.openlibrary.org/b/id/365097-M.jpg,,"Discrimination, Prejudices, Stereotype (Psychology), Stereotypes (Social psychology), Psychology, Social Psychology, Textbooks, Discrimination & Racism, Psychology & Psychiatry / Counseling, Psychotherapy - Counseling, Stereotypes (social psychology), Prejudice, Stereotyping, Préjugés, Stéréotypes, SOCIAL SCIENCE, General, Diskriminierung, Psychologie, Stereotyp, Vorurteil","The psychology of prejudice and discrimination Bernard E. Whitley, Mary E. Kite  Discrimination, Prejudices, Stereotype (Psychology), Stereotypes (Social psychology), Psychology, Social Psychology, Textbooks, Discrimination & Racism, Psychology & Psychiatry / Counseling, Psychotherapy - Counseling, Stereotypes (social psychology), Prejudice, Stereotyping, Préjugés, Stéréotypes, SOCIAL SCIENCE, General, Diskriminierung, Psychologie, Stereotyp, Vorurteil"
Choice and change,"April O'Connell, Vincent O'Connell, Lois-Ann Kuntz",1980.0,3850562.0,/works/OL3268656W,https://covers.openlibrary.org/b/id/3850562-M.jpg,,"Textbooks, Adjustment (Psychology), Maturation (Psychology), Personality, Persoonlijkheidsontwikkeling, Reifung, Persönlichkeitsentwicklung, Maturation (Psychologie), Personnalité, Creation (literary, artistic, etc.), Psychology","Choice and change April O'Connell, Vincent O'Connell, Lois-Ann Kuntz  Textbooks, Adjustment (Psychology), Maturation (Psychology), Personality, Persoonlijkheidsontwikkeling, Reifung, Persönlichkeitsentwicklung, Maturation (Psychologie), Personnalité, Creation (literary, artistic, etc.), Psychology"
Archetypal psychology,James Hillman,1983.0,679614.0,/works/OL89956W,https://covers.openlibrary.org/b/id/679614-M.jpg,,"Archetype (Psychology), Textbooks, Psychology textbooks, Humanities textbooks, Psychoanalysis, Psychoanalytic Theory","Archetypal psychology James Hillman  Archetype (Psychology), Textbooks, Psychology textbooks, Humanities textbooks, Psychoanalysis, Psychoanalytic Theory"
The psychology of clothes,J. C. Flugel,1930.0,14876662.0,/works/OL1226260W,https://covers.openlibrary.org/b/id/14876662-M.jpg,,"Clothing and dress, Psychological aspects, Psychological aspects of Clothing and dress, Psychology, Clothing, Personality, Gender expression","The psychology of clothes J. C. Flugel  Clothing and dress, Psychological aspects, Psychological aspects of Clothing and dress, Psychology, Clothing, Personality, Gender expression"
Cognitive psychology,"Robert L. Solso, M. Kimberly MacLin, Otto H. MacLin",2004.0,1146655.0,/works/OL18809549W,https://covers.openlibrary.org/b/id/1146655-M.jpg,"This title provides a historical framework for the modern issues in cognition, enabling students to see the evolution of the field.","Textbooks, Cognition, Cognitive psychology, Psychology, Cognitie","Cognitive psychology Robert L. Solso, M. Kimberly MacLin, Otto H. MacLin This title provides a historical framework for the modern issues in cognition, enabling students to see the evolution of the field. Textbooks, Cognition, Cognitive psychology, Psychology, Cognitie"
Abnormal Psychology,"Susan Krauss Whitbourne, Richard Halgin",2009.0,12673762.0,/works/OL21791348W,https://covers.openlibrary.org/b/id/12673762-M.jpg,,"Psychology, pathological, Mental illness, Pathological Psychology","Abnormal Psychology Susan Krauss Whitbourne, Richard Halgin  Psychology, pathological, Mental illness, Pathological Psychology"
Sport psychology,"Cox, Richard H.",1985.0,4342141.0,/works/OL2714124W,https://covers.openlibrary.org/b/id/4342141-M.jpg,,"Athletes, Coaching (Athletics), Psychological aspects, Psychological aspects of Coaching (Athletics), Psychological aspects of Sports, Psychology, Sports, Sportpsychologie, Aspect psychologique, Einführung, Coaching, Psychologie, Entraînement (Sports)","Sport psychology Cox, Richard H.  Athletes, Coaching (Athletics), Psychological aspects, Psychological aspects of Coaching (Athletics), Psychological aspects of Sports, Psychology, Sports, Sportpsychologie, Aspect psychologique, Einführung, Coaching, Psychologie, Entraînement (Sports)"
Foundations of psychology,Nicky Hayes,1994.0,917145.0,/works/OL3698977W,https://covers.openlibrary.org/b/id/917145-M.jpg,,"Psychology, Psychologie","Foundations of psychology Nicky Hayes  Psychology, Psychologie"
Psychology and you,"Judith W. McMahon, Tony Romano",1995.0,1173866.0,/works/OL3952729W,https://covers.openlibrary.org/b/id/1173866-M.jpg,,"Psychology, Schools, Social Science - Psychology, Juvenile Nonfiction, Children: Young Adult (Gr. 7-9), Psychology, juvenile literature","Psychology and you Judith W. McMahon, Tony Romano  Psychology, Schools, Social Science - Psychology, Juvenile Nonfiction, Children: Young Adult (Gr. 7-9), Psychology, juvenile literature"
The Psychology of Money,Unknown,0.0,0.0,/works/OL35331254W,,,,The Psychology of Money Unknown  
Doing psychology experiments,David W. Martin,1977.0,4413153.0,/works/OL38417W,https://covers.openlibrary.org/b/id/4413153-M.jpg,"Doing Psychology Experiments, Fourth Edition enables students - even students with no experimental background - to design, execute, interpret, and report simple psychological experiments. The conversational writing style guides students through the process in an easy-to-follow, step-by-step manner. Decision-making aspects of research are emphasized, and the logic behind the research procedures is fully explained.

This new edition features the latest changes in ethics principles, information about recent legislation on animal experimentation, full incorporation of new APA style guidelines, a discussion on how to give effective conference presentations and poster sessions, a detailed section on the development and use of surveys, and a reordering of material for greater understanding.","Psychology, Textbooks, Research, Psychology textbooks, Humanities textbooks, Experimental Psychology, Psychology, experiments","Doing psychology experiments David W. Martin Doing Psychology Experiments, Fourth Edition enables students - even students with no experimental background - to design, execute, interpret, and report simple psychological experiments. The conversational writing style guides students through the process in an easy-to-follow, step-by-step manner. Decision-making aspects of research are emphasized, and the logic behind the research procedures is fully explained.

This new edition features the latest changes in ethics principles, information about recent legislation on animal experimentation, full incorporation of new APA style guidelines, a discussion on how to give effective conference presentations and poster sessions, a detailed section on the development and use of surveys, and a reordering of material for greater understanding. Psychology, Textbooks, Research, Psychology textbooks, Humanities textbooks, Experimental Psychology, Psychology, experiments"
The psychology of death,Robert Kastenbaum,1972.0,4458084.0,/works/OL480577W,https://covers.openlibrary.org/b/id/4458084-M.jpg,"""A classic, fascinating readers for nearly 30 years. New to the Third Edition are chapters on how we construct death, death in adolescence and adulthood including discussion on suicide, physician-assisted death, and Regret Theory and Denial, new approaches to the role of death anxiety, Terror Management Theory, and Edge Theory, and much more.""--BOOK JACKET.","Death, Psychological aspects, Psychological aspects of Death, Psychology, Psychologische aspecten, Attitude to Death, Sterbehilfe, Dood, Mort, Aspect psychologique, Death, Grief, Bereavement, SELF-HELP, FAMILY & RELATIONSHIPS, Sterven, Death, psychological aspects, American Neurological Association, History, Neurology, Societies","The psychology of death Robert Kastenbaum ""A classic, fascinating readers for nearly 30 years. New to the Third Edition are chapters on how we construct death, death in adolescence and adulthood including discussion on suicide, physician-assisted death, and Regret Theory and Denial, new approaches to the role of death anxiety, Terror Management Theory, and Edge Theory, and much more.""--BOOK JACKET. Death, Psychological aspects, Psychological aspects of Death, Psychology, Psychologische aspecten, Attitude to Death, Sterbehilfe, Dood, Mort, Aspect psychologique, Death, Grief, Bereavement, SELF-HELP, FAMILY & RELATIONSHIPS, Sterven, Death, psychological aspects, American Neurological Association, History, Neurology, Societies"
Discovering psychology,"Don H. Hockenbury, Sandra E. Hockenbury",1998.0,9862571.0,/works/OL14856404W,https://covers.openlibrary.org/b/id/9862571-M.jpg,,"Psychology, Textbooks, Psychology textbooks, Humanities textbooks, General, Psychology & Psychiatry / General, Psychology & psychiatry / general","Discovering psychology Don H. Hockenbury, Sandra E. Hockenbury  Psychology, Textbooks, Psychology textbooks, Humanities textbooks, General, Psychology & Psychiatry / General, Psychology & psychiatry / general"
Cognitive psychology,"Douglas L. Medin, Douglas, PhD Medin, Brian H. Ross, Arthur B. Markman",1992.0,3864277.0,/works/OL3370882W,https://covers.openlibrary.org/b/id/3864277-M.jpg,,"Textbooks, Cognitive psychology, Cognitive neuroscience, Cognitieve psychologie, Kognitive Psychologie, Psychologie cognitive, Manuels d'enseignement supérieur, Neurosciences cognitives, Cognition","Cognitive psychology Douglas L. Medin, Douglas, PhD Medin, Brian H. Ross, Arthur B. Markman  Textbooks, Cognitive psychology, Cognitive neuroscience, Cognitieve psychologie, Kognitive Psychologie, Psychologie cognitive, Manuels d'enseignement supérieur, Neurosciences cognitives, Cognition"
Developmental psychology,Rachel Gillibrand,2011.0,0.0,/works/OL15952065W,,,Developmental psychology,Developmental psychology Rachel Gillibrand  Developmental psychology
The social psychology of telecommunications,John Short,1976.0,13058547.0,/works/OL2812478W,https://covers.openlibrary.org/b/id/13058547-M.jpg,,"Social aspects, Social aspects of Telecommunication, Telecommunication, Social psychology","The social psychology of telecommunications John Short  Social aspects, Social aspects of Telecommunication, Telecommunication, Social psychology"
Zur Psychologie westlicher und östlicher Religion,"Carl Gustav Jung, Gerhard Adler, R. F.C. Hull",1938.0,159261.0,/works/OL95171W,https://covers.openlibrary.org/b/id/159261-M.jpg,,"Religious Psychology, Symbolism, Psychoanalysis and religion, Philosophy of religion, Psychoanalysis & psychoanalytical theory, Psychology, Movements - Jungian, Movements - Behaviorism, Movements - Psychoanalysis, Mind, Body, Spirit, Psychology & Psychiatry / Psychoanalysis, Messe, Aspect religieux, Psychanalyse, Jungian psychology, Psychologie religieuse, Trinité, Religion, Aspect psychologique, Godsdienstpsychologie, Psychoanalysis, Psychology and religion, Symbolism (psychology), Reference, Religion and Psychology","Zur Psychologie westlicher und östlicher Religion Carl Gustav Jung, Gerhard Adler, R. F.C. Hull  Religious Psychology, Symbolism, Psychoanalysis and religion, Philosophy of religion, Psychoanalysis & psychoanalytical theory, Psychology, Movements - Jungian, Movements - Behaviorism, Movements - Psychoanalysis, Mind, Body, Spirit, Psychology & Psychiatry / Psychoanalysis, Messe, Aspect religieux, Psychanalyse, Jungian psychology, Psychologie religieuse, Trinité, Religion, Aspect psychologique, Godsdienstpsychologie, Psychoanalysis, Psychology and religion, Symbolism (psychology), Reference, Religion and Psychology"
Deconstructing developmental psychology,Erica Burman,1994.0,1220004.0,/works/OL3907245W,https://covers.openlibrary.org/b/id/1220004-M.jpg,"Erica Burman interrogates the assumptions and practices surrounding the psychology of child development, providing a critical evaluation of the role and contribution of developmental psychology within social practice.","Developmental psychology, Entwicklungspsychologie, Ontwikkelingspsychologie, Kritische psychologie, Human Development, Communication, Family, Psychology, Child Development, Child Psychology, Adolescent Development, Adolescent Psychology","Deconstructing developmental psychology Erica Burman Erica Burman interrogates the assumptions and practices surrounding the psychology of child development, providing a critical evaluation of the role and contribution of developmental psychology within social practice. Developmental psychology, Entwicklungspsychologie, Ontwikkelingspsychologie, Kritische psychologie, Human Development, Communication, Family, Psychology, Child Development, Child Psychology, Adolescent Development, Adolescent Psychology"
Psychology,Richard Gross,1987.0,8711753.0,/works/OL19897817W,https://covers.openlibrary.org/b/id/8711753-M.jpg,"The most comprehensive and successful guide to Psychology, updated and backed by a rich and exciting resource package for students and tutors.","Mind, Psychology, Behavior","Psychology Richard Gross The most comprehensive and successful guide to Psychology, updated and backed by a rich and exciting resource package for students and tutors. Mind, Psychology, Behavior"
Educational psychology,"Stephen N. Elliott, Thomas R. Kratochwill, Joan Littlefield Cook, John F. Travers",1999.0,4660436.0,/works/OL19463893W,https://covers.openlibrary.org/b/id/4660436-M.jpg,,"Educational psychology, Psychology of Learning, Effective teaching, Education, Education / Teaching, Learning, Psychology of","Educational psychology Stephen N. Elliott, Thomas R. Kratochwill, Joan Littlefield Cook, John F. Travers  Educational psychology, Psychology of Learning, Effective teaching, Education, Education / Teaching, Learning, Psychology of"
Adolescent psychology,Norman A. Sprinthall,1984.0,5389264.0,/works/OL3451826W,https://covers.openlibrary.org/b/id/5389264-M.jpg,,"Adolescent psychology, Textbooks, Psychology textbooks, Humanities textbooks","Adolescent psychology Norman A. Sprinthall  Adolescent psychology, Textbooks, Psychology textbooks, Humanities textbooks"
A cognitive psychology of mass communication,Richard Jackson Harris,1994.0,583893.0,/works/OL1934335W,https://covers.openlibrary.org/b/id/583893-M.jpg,"""With this third edition of A Cognitive Psychology of Mass Communication, Richard Jackson Harris continues his examination of mass media's influences on our perceptions of ourselves and the world around us. Updates to this edition include the television shows, films, and telecommunications technologies that have developed throughout the 1990s, with particular consideration of computer-mediated communications such as the internet and the World Wide Web.

Harris incorporates a wide variety of recent research studies into this edition and integrates theoretical perspectives more strongly throughout the book, with careful attention to the articulation of the cognitive. Real-world examples offer clear, relevant, and accessible demonstrations of the points discussed.""--BOOK JACKET.

""Appropriate for coursework addressing mass communication and its effects. A Cognitive Psychology of Mass Communication provides a unique perspective on mass communication in today's society and enables us to see more clearly how our perceptions of our world can be created and influenced by mass media.""--BOOK JACKET.","Massacommunicatie, Psychologische aspecten, Social aspects of Mass media, Psychology textbooks, Social aspects, Aspect social, Médias, Psychological aspects of Mass media, Textbooks, Aspect psychologique, Humanities textbooks, Mass media, Psychological aspects, Cognitive psychology, Communication, psychological aspects, Mass media, social aspects, Social psychology, SOCIAL SCIENCE, Media Studies","A cognitive psychology of mass communication Richard Jackson Harris ""With this third edition of A Cognitive Psychology of Mass Communication, Richard Jackson Harris continues his examination of mass media's influences on our perceptions of ourselves and the world around us. Updates to this edition include the television shows, films, and telecommunications technologies that have developed throughout the 1990s, with particular consideration of computer-mediated communications such as the internet and the World Wide Web.

Harris incorporates a wide variety of recent research studies into this edition and integrates theoretical perspectives more strongly throughout the book, with careful attention to the articulation of the cognitive. Real-world examples offer clear, relevant, and accessible demonstrations of the points discussed.""--BOOK JACKET.

""Appropriate for coursework addressing mass communication and its effects. A Cognitive Psychology of Mass Communication provides a unique perspective on mass communication in today's society and enables us to see more clearly how our perceptions of our world can be created and influenced by mass media.""--BOOK JACKET. Massacommunicatie, Psychologische aspecten, Social aspects of Mass media, Psychology textbooks, Social aspects, Aspect social, Médias, Psychological aspects of Mass media, Textbooks, Aspect psychologique, Humanities textbooks, Mass media, Psychological aspects, Cognitive psychology, Communication, psychological aspects, Mass media, social aspects, Social psychology, SOCIAL SCIENCE, Media Studies"
Social psychology and human nature,"Roy F. Baumeister, Brad J. Bushman",2007.0,1259017.0,/works/OL18637755W,https://covers.openlibrary.org/b/id/1259017-M.jpg,,"Social psychology, Human behavior, Social, group or collective psychology, Psychology, Personality, Psychology & Psychiatry / Personality","Social psychology and human nature Roy F. Baumeister, Brad J. Bushman  Social psychology, Human behavior, Social, group or collective psychology, Psychology, Personality, Psychology & Psychiatry / Personality"
Psychology of personality,Ross Stagner,1937.0,9848581.0,/works/OL4973253W,https://covers.openlibrary.org/b/id/9848581-M.jpg,,"Personality, Persönlichkeit, Persönlichkeitspsychologie, Personnalité, Einführung, Psychology","Psychology of personality Ross Stagner  Personality, Persönlichkeit, Persönlichkeitspsychologie, Personnalité, Einführung, Psychology"
Introduction to forensic psychology,"Curt R. Bartol, Anne M. Bartol",2004.0,5156414.0,/works/OL1967392W,https://covers.openlibrary.org/b/id/5156414-M.jpg,,Forensic psychology,"Introduction to forensic psychology Curt R. Bartol, Anne M. Bartol  Forensic psychology"
The psychology of astro*carto*graphy,"Lewis, Jim",1997.0,7168124.0,/works/OL1738574W,https://covers.openlibrary.org/b/id/7168124-M.jpg,"Astro*Carto*Graphy®, developed by the late Jim Lewis, revolutionized astrology by transforming the ancient horoscope wheel into a world map that shows at a glance where a person can find love, money, vitality, or even jump-start a fading career - simply by moving to a new location.

The Psychology of Astro*Carto*Graphy, based on Lewis’ writings, notes, and lectures, with additional material by Kenneth Irving, has long been hailed as the definitive work on the subject, and this new edition revises and extends the information found in the original. Detailed explanations of the changes each planet can bring to a particular location help the reader to apply Astro*Carto*Graphy’s insights to his or her own life.

The book also includes useful notes, an index, historical and technical notes on Astro*Carto*Graphy, a resource section for further study, and afterwords on Jim Lewis, the man and the teacher, and the continuing charitable work that stems from his legacy.","Astrological geomancy, locality astrology, locality map, astro*carto*graphy, Astrology","The psychology of astro*carto*graphy Lewis, Jim Astro*Carto*Graphy®, developed by the late Jim Lewis, revolutionized astrology by transforming the ancient horoscope wheel into a world map that shows at a glance where a person can find love, money, vitality, or even jump-start a fading career - simply by moving to a new location.

The Psychology of Astro*Carto*Graphy, based on Lewis’ writings, notes, and lectures, with additional material by Kenneth Irving, has long been hailed as the definitive work on the subject, and this new edition revises and extends the information found in the original. Detailed explanations of the changes each planet can bring to a particular location help the reader to apply Astro*Carto*Graphy’s insights to his or her own life.

The book also includes useful notes, an index, historical and technical notes on Astro*Carto*Graphy, a resource section for further study, and afterwords on Jim Lewis, the man and the teacher, and the continuing charitable work that stems from his legacy. Astrological geomancy, locality astrology, locality map, astro*carto*graphy, Astrology"
Die Massenpsychologie des Faschismus,Wilhelm Reich,1933.0,224601.0,/works/OL1992670W,https://covers.openlibrary.org/b/id/224601-M.jpg,"**The Mass Psychology of Fascism** (German: *Die Massenpsychologie des Faschismus*) is a 1933 psychology book written by the Austrian psychoanalyst and psychiatrist Wilhelm Reich, in which the author attempts to explain how fascists and authoritarians come into power through their political and ideologically-oriented sexual repression on the popular masses.

(Source: [Wikipedia](https://en.wikipedia.org/wiki/The_Mass_Psychology_of_Fascism))","Politics and government, Sexuality, Political Systems, Government, Sex, Fascism, Psychoanalytic Interpretation, Social Psychology, History, Fascism, germany, Germany, politics and government, 1918-1933, Germany, politics and government, 1933-1945, Best books, Mass Behavior, Informal Social Control","Die Massenpsychologie des Faschismus Wilhelm Reich **The Mass Psychology of Fascism** (German: *Die Massenpsychologie des Faschismus*) is a 1933 psychology book written by the Austrian psychoanalyst and psychiatrist Wilhelm Reich, in which the author attempts to explain how fascists and authoritarians come into power through their political and ideologically-oriented sexual repression on the popular masses.

(Source: [Wikipedia](https://en.wikipedia.org/wiki/The_Mass_Psychology_of_Fascism)) Politics and government, Sexuality, Political Systems, Government, Sex, Fascism, Psychoanalytic Interpretation, Social Psychology, History, Fascism, germany, Germany, politics and government, 1918-1933, Germany, politics and government, 1933-1945, Best books, Mass Behavior, Informal Social Control"
Psychology for Teachers,"Scott Buckler, Paul Castle",2014.0,10986678.0,/works/OL21058674W,https://covers.openlibrary.org/b/id/10986678-M.jpg,"Every child is an individual whose knowledge and understanding needs to be developed in ways that help them succeed. How do you manage this alongside the realities of the curriculum? How do you achieve this for a full classroom of expectant learners? This book explains how psychology can be intelligently applied to the classroom to meet the needs of different learners. It encourages you to review your own practice to develop a personal teaching style, supported by research findings and an awareness of the factors underpinning high-quality teaching. Focusing on how an understanding of psychological theory can support effective teaching and learning this book contains case studies and tasks to make sure that you really understand how theory can be meaningfully applied in the classroom.","School psychology, Teaching, Psychological aspects, Educational psychology, Teaching--psychological aspects, Lb1027.55 .b83 2014, 370.15","Psychology for Teachers Scott Buckler, Paul Castle Every child is an individual whose knowledge and understanding needs to be developed in ways that help them succeed. How do you manage this alongside the realities of the curriculum? How do you achieve this for a full classroom of expectant learners? This book explains how psychology can be intelligently applied to the classroom to meet the needs of different learners. It encourages you to review your own practice to develop a personal teaching style, supported by research findings and an awareness of the factors underpinning high-quality teaching. Focusing on how an understanding of psychological theory can support effective teaching and learning this book contains case studies and tasks to make sure that you really understand how theory can be meaningfully applied in the classroom. School psychology, Teaching, Psychological aspects, Educational psychology, Teaching--psychological aspects, Lb1027.55 .b83 2014, 370.15"
Basic psychology,Howard H. Kendler,1963.0,9311771.0,/works/OL5281555W,https://covers.openlibrary.org/b/id/9311771-M.jpg,,"Psychology, Textbooks, Psychology textbooks, Psychologie, Humanities textbooks","Basic psychology Howard H. Kendler  Psychology, Textbooks, Psychology textbooks, Psychologie, Humanities textbooks"
Psych 101,Paul Kleinman,2012.0,10637417.0,/works/OL19968520W,https://covers.openlibrary.org/b/id/10637417-M.jpg,"""Too often, textbooks turn the noteworthy theories, principles, and experiments of psychology into tedious discourse that even Freud would want to repress. Psych 101 cuts out the boring details and statistics, and instead, gives you a lesson in psychology that keeps you engaged - and your synapses firing. From personality quizzes and the Rorschach Blot Test to B.F. Skinner and the stages of development, this primer for human behavior is packed with hundreds of entertaining psychology basics and quizzes you can't get anywhere else. So whether you're looking to unravel the intricacies of the mind, or just want to find out what makes your friends tick, Psych 101 has all the answers - even the ones you didn't know you were looking for""--P. [4] of cover.","Stress (Psychology), Psychology, Emotions, Stress (psychology)","Psych 101 Paul Kleinman ""Too often, textbooks turn the noteworthy theories, principles, and experiments of psychology into tedious discourse that even Freud would want to repress. Psych 101 cuts out the boring details and statistics, and instead, gives you a lesson in psychology that keeps you engaged - and your synapses firing. From personality quizzes and the Rorschach Blot Test to B.F. Skinner and the stages of development, this primer for human behavior is packed with hundreds of entertaining psychology basics and quizzes you can't get anywhere else. So whether you're looking to unravel the intricacies of the mind, or just want to find out what makes your friends tick, Psych 101 has all the answers - even the ones you didn't know you were looking for""--P. [4] of cover. Stress (Psychology), Psychology, Emotions, Stress (psychology)"
Abnormal Psychology,Susan Nolen-Hoeksema,1998.0,4262984.0,/works/OL1944249W,https://covers.openlibrary.org/b/id/4262984-M.jpg,,"Mental illness, Pathological Psychology, Psychology, Pathological, Psychopathologie, Psychology &amp; psychiatry, General","Abnormal Psychology Susan Nolen-Hoeksema  Mental illness, Pathological Psychology, Psychology, Pathological, Psychopathologie, Psychology &amp; psychiatry, General"
Child psychology,"E. Mavis Hetherington, Ross D. Parke",1975.0,5016385.0,/works/OL1861722W,https://covers.openlibrary.org/b/id/5016385-M.jpg,,"Child psychology, Psychologie, Enfants, Prostitution, Sexually transmitted diseases, History, Sex Work","Child psychology E. Mavis Hetherington, Ross D. Parke  Child psychology, Psychologie, Enfants, Prostitution, Sexually transmitted diseases, History, Sex Work"
Positive Psychology,Rona Hart,2020.0,13315352.0,/works/OL20754313W,https://covers.openlibrary.org/b/id/13315352-M.jpg,,"Positive psychology, Psychologie positive, PSYCHOLOGY / General, PSYCHOLOGY / Applied Psychology","Positive Psychology Rona Hart  Positive psychology, Psychologie positive, PSYCHOLOGY / General, PSYCHOLOGY / Applied Psychology"
The Housemaid's Secret,Freida McFadden,2023.0,13439869.0,/works/OL34113490W,https://covers.openlibrary.org/b/id/13439869-M.jpg,"*As he continues showing me their incredible penthouse apartment, I have a terrible feeling about the woman behind closed doors. But I can't risk losing this job – not if I want to keep my darkest secret safe . . .*

It's hard to find an employer who doesn't ask too many questions about my past. So I thank my lucky stars that the Garricks miraculously give me a job, cleaning their stunning penthouse with views across the city and preparing fancy meals in their shiny kitchen. I can work here for a while, stay quiet until I get what I want. It's almost perfect. But I still haven't met Mrs Garrick, or seen inside the guest bedroom. I'm sure I hear her crying. I notice spots of blood around the neck of her white nightgowns when I'm doing laundry. And one day I can't help but knock on the door. When it gently swings open, what I see inside changes everything...

That's when I make a promise. After all, I've done this before. I can protect Mrs. Garrick while keeping my own secrets locked up safe. Douglas Garrick has done wrong. He is going to pay. It's simply a question of how far I'm willing to go...","Fiction, thrillers, psychological, Fiction, thrillers, domestic, Thriller, Mystery, Fiction, Mystery Thriller, Suspense, Crime, Psychological Thriller, Contemporary, Series:The-Housemaid, Romance, Fiction, thrillers, suspense","The Housemaid's Secret Freida McFadden *As he continues showing me their incredible penthouse apartment, I have a terrible feeling about the woman behind closed doors. But I can't risk losing this job – not if I want to keep my darkest secret safe . . .*

It's hard to find an employer who doesn't ask too many questions about my past. So I thank my lucky stars that the Garricks miraculously give me a job, cleaning their stunning penthouse with views across the city and preparing fancy meals in their shiny kitchen. I can work here for a while, stay quiet until I get what I want. It's almost perfect. But I still haven't met Mrs Garrick, or seen inside the guest bedroom. I'm sure I hear her crying. I notice spots of blood around the neck of her white nightgowns when I'm doing laundry. And one day I can't help but knock on the door. When it gently swings open, what I see inside changes everything...

That's when I make a promise. After all, I've done this before. I can protect Mrs. Garrick while keeping my own secrets locked up safe. Douglas Garrick has done wrong. He is going to pay. It's simply a question of how far I'm willing to go... Fiction, thrillers, psychological, Fiction, thrillers, domestic, Thriller, Mystery, Fiction, Mystery Thriller, Suspense, Crime, Psychological Thriller, Contemporary, Series:The-Housemaid, Romance, Fiction, thrillers, suspense"
Statistical analysis in psychology and education,George Andrew Ferguson,1959.0,4361326.0,/works/OL4638938W,https://covers.openlibrary.org/b/id/4361326-M.jpg,,"Educational Measurement, Educational statistics, Educational tests and measurements, Psychometrics, Statistics, Psychométrie, Statistique de l'éducation, Statistische analyse, Statistique, Tests et mesures en education, Estatistica Aplicada A Psicologia, Statistics as Topic, Psychometrie, Psychologie, Pädagogik, Statistik, Naval History, Poetry, Histoire navale, Poésie, Education, Psychology","Statistical analysis in psychology and education George Andrew Ferguson  Educational Measurement, Educational statistics, Educational tests and measurements, Psychometrics, Statistics, Psychométrie, Statistique de l'éducation, Statistische analyse, Statistique, Tests et mesures en education, Estatistica Aplicada A Psicologia, Statistics as Topic, Psychometrie, Psychologie, Pädagogik, Statistik, Naval History, Poetry, Histoire navale, Poésie, Education, Psychology"
Research methods in psychology,John J. Shaughnessy,1985.0,63748.0,/works/OL14859413W,https://covers.openlibrary.org/b/id/63748-M.jpg,"'Research Methods in Psychology' emphasises problem solving and gives thorough coverage of descriptive, experimental and applied methods. There are numerous examples from psychology literature to illustrate the points made.","Textbooks, Methodology, Psychology, Experimental Psychology, Research, Forschungsmethode, Psychologie, Research Design, Kezikonyv, Recherche, Onderzoeksmethoden, Modszer, Pszichologia, Psychologie experimentale, Methods, Kutatas, Methodologie, Kutatasi modszer, Methods [MESH], Research [MESH], Research Design [MESH]","Research methods in psychology John J. Shaughnessy 'Research Methods in Psychology' emphasises problem solving and gives thorough coverage of descriptive, experimental and applied methods. There are numerous examples from psychology literature to illustrate the points made. Textbooks, Methodology, Psychology, Experimental Psychology, Research, Forschungsmethode, Psychologie, Research Design, Kezikonyv, Recherche, Onderzoeksmethoden, Modszer, Pszichologia, Psychologie experimentale, Methods, Kutatas, Methodologie, Kutatasi modszer, Methods [MESH], Research [MESH], Research Design [MESH]"
The Psychology of Achievement,Brian Tracy,1984.0,480380.0,/works/OL2392395W,https://covers.openlibrary.org/b/id/480380-M.jpg,,Achievement motivation,The Psychology of Achievement Brian Tracy  Achievement motivation
Coming of age in Samoa,Margaret Mead,1928.0,430219.0,/works/OL73787W,https://covers.openlibrary.org/b/id/430219-M.jpg,"The classic anthropological study describes what it was like in the 1920s for girls growing up in the culture of the Samoan Islands, offering provocative insights into such topics as childhood, gender roles, and culture.","Adolescence, Children, Children in the Samoan Islands, Girls, Psychology, Samoan Islands, Samoan Women, Samoans, Social life and customs, Women, Adolescent, Manners and customs, Cultural Anthropology, Teenagers, Ethnology, Samoan islands, social life and customs, Children, samoan islands, Women, samoan islands, Volwassenwording, Children in the Samoan islads, Social Environment, Adolescent Psychology","Coming of age in Samoa Margaret Mead The classic anthropological study describes what it was like in the 1920s for girls growing up in the culture of the Samoan Islands, offering provocative insights into such topics as childhood, gender roles, and culture. Adolescence, Children, Children in the Samoan Islands, Girls, Psychology, Samoan Islands, Samoan Women, Samoans, Social life and customs, Women, Adolescent, Manners and customs, Cultural Anthropology, Teenagers, Ethnology, Samoan islands, social life and customs, Children, samoan islands, Women, samoan islands, Volwassenwording, Children in the Samoan islads, Social Environment, Adolescent Psychology"
Criminal psychology and personality profiling,Joan Esherick,2006.0,765991.0,/works/OL5827987W,https://covers.openlibrary.org/b/id/765991-M.jpg,,"Criminal psychology, Juvenile literature, Prediction of Criminal behavior, Criminal behavior, prediction of, Criminal profilers, Forensic sciences, Crime, Crime, juvenile literature","Criminal psychology and personality profiling Joan Esherick  Criminal psychology, Juvenile literature, Prediction of Criminal behavior, Criminal behavior, prediction of, Criminal profilers, Forensic sciences, Crime, Crime, juvenile literature"
The practice and theory of individual psychology,Alfred Adler,1924.0,8083483.0,/works/OL1127262W,https://covers.openlibrary.org/b/id/8083483-M.jpg,,"Psychology, Pathological, Psychoanalysis, Pathological Psychology, Psychopathology, Personalidade, Psicologia Individual","The practice and theory of individual psychology Alfred Adler  Psychology, Pathological, Psychoanalysis, Pathological Psychology, Psychopathology, Personalidade, Psicologia Individual"
Criminal Psychology,David Canter,2008.0,8633975.0,/works/OL19838607W,https://covers.openlibrary.org/b/id/8633975-M.jpg,"Topics in Applied Psychology is a series of integrated texts combining both the academic and professional aspects of applied psychology. Written by a team of high-profile UK academics, this series is ideal for second- and third-year psychology undergraduates.","Social Science, Criminal psychology, 71.65 criminality as a social problem, SOCIAL SCIENCE, Criminology, Kriminalpsychologie","Criminal Psychology David Canter Topics in Applied Psychology is a series of integrated texts combining both the academic and professional aspects of applied psychology. Written by a team of high-profile UK academics, this series is ideal for second- and third-year psychology undergraduates. Social Science, Criminal psychology, 71.65 criminality as a social problem, SOCIAL SCIENCE, Criminology, Kriminalpsychologie"
Applied Psychology,Horst Gundlach,1998.0,1208072.0,/works/OL3647957W,https://covers.openlibrary.org/b/id/1208072-M.jpg,,"Psychology, applied","Applied Psychology Horst Gundlach  Psychology, applied"
Educational psychology in the classroom,Henry Clay Lindgren,1956.0,11624567.0,/works/OL2780343W,https://covers.openlibrary.org/b/id/11624567-M.jpg,,"Educational psychology, Textbooks, Psychology textbooks, Humanities textbooks, Psychology, Educational, Schule, Pädagogische Psychologie, Psychopédagogie, Schulpsychologie, Psychologie de l'éducation","Educational psychology in the classroom Henry Clay Lindgren  Educational psychology, Textbooks, Psychology textbooks, Humanities textbooks, Psychology, Educational, Schule, Pädagogische Psychologie, Psychopédagogie, Schulpsychologie, Psychologie de l'éducation"
Psychology and law,"Curt R. Bartol, Anne M. Bartol",1994.0,364299.0,/works/OL1967393W,https://covers.openlibrary.org/b/id/364299-M.jpg,,"Criminal psychology, Evidence, Expert, Expert Evidence, Forensic psychology, Psychology, Forensic, United States, Legal profession, Psychology, Law, Textbooks, Social Psychology, Psychotherapy - General, Mental Health, Criminal Law - General, Psychology & Psychiatry / Social Psychology, Criminal law, united states","Psychology and law Curt R. Bartol, Anne M. Bartol  Criminal psychology, Evidence, Expert, Expert Evidence, Forensic psychology, Psychology, Forensic, United States, Legal profession, Psychology, Law, Textbooks, Social Psychology, Psychotherapy - General, Mental Health, Criminal Law - General, Psychology & Psychiatry / Social Psychology, Criminal law, united states"
Psychology,Jane S. Halonen,1996.0,1342779.0,/works/OL1861726W,https://covers.openlibrary.org/b/id/1342779-M.jpg,,"Psychology, Textbooks, Psychology textbooks, Humanities textbooks","Psychology Jane S. Halonen  Psychology, Textbooks, Psychology textbooks, Humanities textbooks"
The psychology of reading,Nemah N. Hermosa,2002.0,0.0,/works/OL5867293W,,,,The psychology of reading Nemah N. Hermosa  
Forensic Psychology,Sandie Taylor,2015.0,8796024.0,/works/OL20151589W,https://covers.openlibrary.org/b/id/8796024-M.jpg,,"Forensic psychology, Forensic psychiatry, Forensic Psychiatry, Psychologie légale, Psychiatrie médico-légale, Health and Fitness, Gerichtliche Psychologie, Health and Wellbeing, MEDICAL, Forensic Medicine, Preventive Medicine, Public Health, PSYCHOLOGY, Forensic Psychology","Forensic Psychology Sandie Taylor  Forensic psychology, Forensic psychiatry, Forensic Psychiatry, Psychologie légale, Psychiatrie médico-légale, Health and Fitness, Gerichtliche Psychologie, Health and Wellbeing, MEDICAL, Forensic Medicine, Preventive Medicine, Public Health, PSYCHOLOGY, Forensic Psychology"
Essentials of understanding psychology,"Feldman, Robert S.",1989.0,1073651.0,/works/OL83721W,https://covers.openlibrary.org/b/id/1073651-M.jpg,,"Psychology, Spanish language books, Textbooks, Psychologie","Essentials of understanding psychology Feldman, Robert S.  Psychology, Spanish language books, Textbooks, Psychologie"
The psychology book,Catherine Collin,2012.0,9909772.0,/works/OL16568921W,https://covers.openlibrary.org/b/id/9909772-M.jpg,"All the big ideas, simply explained - an innovative and accessible guide to the study of human nature The Psychology Book clearly explains more than 100 groundbreaking ideas in this fascinating field of science.","History, Psychologists, Psychology, Biography, Psychology, history, Psychologists, biography, Psykologi","The psychology book Catherine Collin All the big ideas, simply explained - an innovative and accessible guide to the study of human nature The Psychology Book clearly explains more than 100 groundbreaking ideas in this fascinating field of science. History, Psychologists, Psychology, Biography, Psychology, history, Psychologists, biography, Psykologi"
An introduction to Jung's psychology,Frieda Fordham,1953.0,5291741.0,/works/OL7292650W,https://covers.openlibrary.org/b/id/5291741-M.jpg,,"Biography, Critique et interprétation, History, Jung, Carl Gustav, 1875-1961, Psychologists, Psychology, Jung, c. g. (carl gustav), 1875-1961, Psychoanalysis, Jung, C. G. (Carl Gustav), (1875-1961)","An introduction to Jung's psychology Frieda Fordham  Biography, Critique et interprétation, History, Jung, Carl Gustav, 1875-1961, Psychologists, Psychology, Jung, c. g. (carl gustav), 1875-1961, Psychoanalysis, Jung, C. G. (Carl Gustav), (1875-1961)"
Breaking the chains of psychological slavery,"Naʼim Akbar, Na'Im Akbar",1996.0,713871.0,/works/OL2021111W,https://covers.openlibrary.org/b/id/713871-M.jpg,,"Psychological aspects of Slavery, Psychology, Textbooks, Psychological aspects of Racism, Racism, Slavery, Psychology textbooks, Humanities textbooks, Psychological aspects, African Americans, Psychological abuse","Breaking the chains of psychological slavery Naʼim Akbar, Na'Im Akbar  Psychological aspects of Slavery, Psychology, Textbooks, Psychological aspects of Racism, Racism, Slavery, Psychology textbooks, Humanities textbooks, Psychological aspects, African Americans, Psychological abuse"
Thesaurus of psychological index terms,American Psychological Association.,1985.0,6569199.0,/works/OL15164368W,https://covers.openlibrary.org/b/id/6569199-M.jpg,"""The Thesaurus of Psychological Index Terms® is the controlled vocabulary used by the American Psychological Association's (APA) professional indexers to index all of APA's databases: PsycINFO®, PsycARTICLES®, PsycBOOKS®, PsycEXTRA®, and PsycCRITIQUES®. With the wide variety of concepts and vocabulary used in the psychological literature, search and retrieval about specific concepts is virtually impossible without the controlled vocabulary of the Thesaurus. It provides a way of structuring the subject matter in a way that is consistent among users. The Thesaurus of Psychological Index Terms, first published in 1974, has an influential role in research because it reflects the most current trends found in the behavioral and social science literature. The Thesaurus can help authenticate the use of terms as they become accepted nomenclature."" --Editor; from Preface, page v.","Subject Headings, Abstracting and indexing, Textbooks, English, Psychology textbooks, Psychologie, Humanities textbooks, Terminology, Psychology, Subject headings, science, Thésaurus, Vedettes-matière, Terminologie, Controlled Vocabulary, Psychology, dictionaries","Thesaurus of psychological index terms American Psychological Association. ""The Thesaurus of Psychological Index Terms® is the controlled vocabulary used by the American Psychological Association's (APA) professional indexers to index all of APA's databases: PsycINFO®, PsycARTICLES®, PsycBOOKS®, PsycEXTRA®, and PsycCRITIQUES®. With the wide variety of concepts and vocabulary used in the psychological literature, search and retrieval about specific concepts is virtually impossible without the controlled vocabulary of the Thesaurus. It provides a way of structuring the subject matter in a way that is consistent among users. The Thesaurus of Psychological Index Terms, first published in 1974, has an influential role in research because it reflects the most current trends found in the behavioral and social science literature. The Thesaurus can help authenticate the use of terms as they become accepted nomenclature."" --Editor; from Preface, page v. Subject Headings, Abstracting and indexing, Textbooks, English, Psychology textbooks, Psychologie, Humanities textbooks, Terminology, Psychology, Subject headings, science, Thésaurus, Vedettes-matière, Terminologie, Controlled Vocabulary, Psychology, dictionaries"
Psychology,James S. Nairne,1996.0,363953.0,/works/OL38152W,https://covers.openlibrary.org/b/id/363953-M.jpg,,"Textbooks, Psychology, Psychology &amp; psychiatry, General","Psychology James S. Nairne  Textbooks, Psychology, Psychology &amp; psychiatry, General"
The psychology of romantic love,Nathaniel Branden,1980.0,4981955.0,/works/OL1835075W,https://covers.openlibrary.org/b/id/4981955-M.jpg,"What love is, why love is born, why it sometimes grows, and why it sometimes dies.Have you ever wondered how romantic love evolves? What the difference is between mature and immature love? What role sex plays in romantic love, and whether love necessarily implies sexual exclusivity? And, most important, how can we make love last? Originally published in 1980, this updated edition of The Psychology of Romantic Love explores the nature of romantic love on many levels-the philosophical, the historical, the sociological, and the physiological. Nathaniel Branden explains why so many people say that romantic love is just not possible in today's world and-drawing on his experience with thousands of couples-finds that such love is still a possibility for anyone who understands its essence and is willing to accept its challenges.Branden sees it as a pathway not only to extraordinary joy but also to profound self-discovery. His vision of love is thoroughly appropriate to our time and grounded in our humanness.","Love, Family & Relationships, Aspect psychologique, Nonfiction, Amour, Intimacy (psychology)","The psychology of romantic love Nathaniel Branden What love is, why love is born, why it sometimes grows, and why it sometimes dies.Have you ever wondered how romantic love evolves? What the difference is between mature and immature love? What role sex plays in romantic love, and whether love necessarily implies sexual exclusivity? And, most important, how can we make love last? Originally published in 1980, this updated edition of The Psychology of Romantic Love explores the nature of romantic love on many levels-the philosophical, the historical, the sociological, and the physiological. Nathaniel Branden explains why so many people say that romantic love is just not possible in today's world and-drawing on his experience with thousands of couples-finds that such love is still a possibility for anyone who understands its essence and is willing to accept its challenges.Branden sees it as a pathway not only to extraordinary joy but also to profound self-discovery. His vision of love is thoroughly appropriate to our time and grounded in our humanness. Love, Family & Relationships, Aspect psychologique, Nonfiction, Amour, Intimacy (psychology)"
Psychological statistics,Quinn McNemar,1949.0,4403982.0,/works/OL10543665W,https://covers.openlibrary.org/b/id/4403982-M.jpg,,"Statistics, Psychometrics, Statistique, Psychology","Psychological statistics Quinn McNemar  Statistics, Psychometrics, Statistique, Psychology"
The Psychology of Trading,Brett N. Steenbarger,2002.0,302759.0,/works/OL8204596W,https://covers.openlibrary.org/b/id/302759-M.jpg,"""The one, only, and by far the best book synthesizing psychology and investing. In addition to providing modern, scientific knowledge about psychology, this book provides a mirror into the mind and wide breadth of knowledge of one of the leading practitioners of brief and effectual cures. Will help to cure your trading and your life.""   -Victor Niederhoffer, Chief Speculator, Manchester Investments  Author, The Education of a Speculator and Practical Speculation    ""How refreshing! A book that rises above the old NLP model of the 80's and provides insights on how our relationship with the market is indeed a very personal one. Not only has Steenbarger provided some fantastic tools for the trader to transform his mindset, but he has contributed unique trading ideas as well. Brilliant!""  -Linda Raschke, President, LBRGroup, Inc.    ""'Investigate, before you invest' was for many years the slogan of the New York Sto...","Psychological aspects, Stocks, Speculation, Psychological aspects of Investments, Psychological aspects of Speculation, Investments, Psychological aspects of Stocks, Business, Finance, Nonfiction","The Psychology of Trading Brett N. Steenbarger ""The one, only, and by far the best book synthesizing psychology and investing. In addition to providing modern, scientific knowledge about psychology, this book provides a mirror into the mind and wide breadth of knowledge of one of the leading practitioners of brief and effectual cures. Will help to cure your trading and your life.""   -Victor Niederhoffer, Chief Speculator, Manchester Investments  Author, The Education of a Speculator and Practical Speculation    ""How refreshing! A book that rises above the old NLP model of the 80's and provides insights on how our relationship with the market is indeed a very personal one. Not only has Steenbarger provided some fantastic tools for the trader to transform his mindset, but he has contributed unique trading ideas as well. Brilliant!""  -Linda Raschke, President, LBRGroup, Inc.    ""'Investigate, before you invest' was for many years the slogan of the New York Sto... Psychological aspects, Stocks, Speculation, Psychological aspects of Investments, Psychological aspects of Speculation, Investments, Psychological aspects of Stocks, Business, Finance, Nonfiction"
Applied positive psychology,"Stewart I. Donaldson, Jeanne Nakamura, Mihaly Csikszentmihalyi",2011.0,13586795.0,/works/OL16162280W,https://covers.openlibrary.org/b/id/13586795-M.jpg,,"Applied Psychology, Psychology, applied, Personality, Positive psychology, Psychologie positive, Psychologie appliquée, PSYCHOLOGY / Applied Psychology, PSYCHOLOGY / Personality, SELF-HELP, Personal Growth, Success, Happiness, General, PSYCHOLOGY","Applied positive psychology Stewart I. Donaldson, Jeanne Nakamura, Mihaly Csikszentmihalyi  Applied Psychology, Psychology, applied, Personality, Positive psychology, Psychologie positive, Psychologie appliquée, PSYCHOLOGY / Applied Psychology, PSYCHOLOGY / Personality, SELF-HELP, Personal Growth, Success, Happiness, General, PSYCHOLOGY"
Biological psychology,"Mark R. Rosenzweig, S. Marc Breedlove, Arnold L. Leiman",2001.0,674020.0,/works/OL12328508W,https://covers.openlibrary.org/b/id/674020-M.jpg,,"Psychobiology, Neurology & clinical neurophysiology, Neurosciences, Physiological Psychology, Cognitive Psychology, Psychology, Mental Health, Neuropsychology, Clinical Psychology, Psychobiologie, Nervensystem, Physiologie, Neuropsychologie, Cerveau, Psychophysiologie, Physiologische Psychologie, Psychophysiology, Neurophysiologie, Neurochemie","Biological psychology Mark R. Rosenzweig, S. Marc Breedlove, Arnold L. Leiman  Psychobiology, Neurology & clinical neurophysiology, Neurosciences, Physiological Psychology, Cognitive Psychology, Psychology, Mental Health, Neuropsychology, Clinical Psychology, Psychobiologie, Nervensystem, Physiologie, Neuropsychologie, Cerveau, Psychophysiologie, Physiologische Psychologie, Psychophysiology, Neurophysiologie, Neurochemie"
How to day trade for a living,Andrew Aziz,2016.0,14842655.0,/works/OL19730523W,https://covers.openlibrary.org/b/id/14842655-M.jpg,,"Electronic trading of securities, Day trading (Securities)","How to day trade for a living Andrew Aziz  Electronic trading of securities, Day trading (Securities)"
Cultural Psychology,Steven J. Heine,2007.0,2412982.0,/works/OL9337365W,https://covers.openlibrary.org/b/id/2412982-M.jpg,"""Cultural Psychology presents an unparalleled array of experimental research, including a wealth of current findings based upon actual behavioral experiments, economic games, and studies employing neuroscience methods. Many of the concepts in the text are explained by walking students through detailed examples of classic experiments in the field{u2014}demonstrating exactly how the studies are conducted{u2014}and challenging them to think about how psychologists obtain answers to their research questions. This expanded coverage of neuroscience research{u2014}including chapters on methods, personality, cognition, and emotion{u2014}helps students master core concepts and understand how researchers are able to discover those concepts."" --","Ethnopsychology, Socialpsykologi","Cultural Psychology Steven J. Heine ""Cultural Psychology presents an unparalleled array of experimental research, including a wealth of current findings based upon actual behavioral experiments, economic games, and studies employing neuroscience methods. Many of the concepts in the text are explained by walking students through detailed examples of classic experiments in the field{u2014}demonstrating exactly how the studies are conducted{u2014}and challenging them to think about how psychologists obtain answers to their research questions. This expanded coverage of neuroscience research{u2014}including chapters on methods, personality, cognition, and emotion{u2014}helps students master core concepts and understand how researchers are able to discover those concepts."" -- Ethnopsychology, Socialpsykologi"
Authentic Happiness,Martin Elias Pete Seligman,2002.0,472177.0,/works/OL8004627W,https://covers.openlibrary.org/b/id/472177-M.jpg,,"Positive psychology, Happiness, Cognition & cognitive psychology, Psychology, Self-Help & Practical Interests, Self-Help, Cognitive Psychology, Emotions, Personal Growth - Happiness, Psychology & Psychiatry / General, Conduct of life, Optimism","Authentic Happiness Martin Elias Pete Seligman  Positive psychology, Happiness, Cognition & cognitive psychology, Psychology, Self-Help & Practical Interests, Self-Help, Cognitive Psychology, Emotions, Personal Growth - Happiness, Psychology & Psychiatry / General, Conduct of life, Optimism"
Attachment and loss,John Bowlby,1969.0,4975666.0,/works/OL773852W,https://covers.openlibrary.org/b/id/4975666-M.jpg,"theories of child attatchment by john bowlby, very useful in child care","Attachment behavior, Attachment behavior in children, Bereavement, Bereavement in children, Deprivation (Psychology), Emotions in children, Grief in children, Maternal deprivation, Mother and child, Pathological Psychology, Personality, Psychological aspects, Psychological aspects of Bereavement, Separation (Psychology), Separation anxiety in children, Éducation des enfants, Parent-Child Relations, Child Guidance, Maternale deprivatie, Child care, Développement, Parents et enfants, Enfants, Child rearing, Child development, Verlies (psychologie), Moeders, Kinderen, Pszichológia, Mother-Child Relations, Halál, Rouw, Fiction, general, Separation anxiety, Grief, Psychology, pathological, Child psychology, Child, Psychopathology, Child Behavior, Instinct, Object Attachment, Personality Development, Psychoanalytic Theory","Attachment and loss John Bowlby theories of child attatchment by john bowlby, very useful in child care Attachment behavior, Attachment behavior in children, Bereavement, Bereavement in children, Deprivation (Psychology), Emotions in children, Grief in children, Maternal deprivation, Mother and child, Pathological Psychology, Personality, Psychological aspects, Psychological aspects of Bereavement, Separation (Psychology), Separation anxiety in children, Éducation des enfants, Parent-Child Relations, Child Guidance, Maternale deprivatie, Child care, Développement, Parents et enfants, Enfants, Child rearing, Child development, Verlies (psychologie), Moeders, Kinderen, Pszichológia, Mother-Child Relations, Halál, Rouw, Fiction, general, Separation anxiety, Grief, Psychology, pathological, Child psychology, Child, Psychopathology, Child Behavior, Instinct, Object Attachment, Personality Development, Psychoanalytic Theory"
Creativity,Mihaly Csikszentmihalyi,1996.0,3845086.0,/works/OL506563W,https://covers.openlibrary.org/b/id/3845086-M.jpg,"Creativity is about capturing those moments that make life worth living. The author's objective is to offer an understanding of what leads to these moments, be it the excitement of the artist at the easel or the scientist in the lab, so that knowledge can be used to enrich people's lives. Drawing on 100 interviews with exceptional people, from biologists and physicists to politicians and business leaders, poets and artists, as well as his 30 years of research on the subject, Csikszentmihalyi uses his famous theory to explore the creative process. He discusses such ideas as why creative individuals are often seen as selfish and arrogant, and why the tortured genius is largely a myth. Most important, he clearly explains why creativity needs to be cultivated and is necessary for the future of our country, if not the world.","Creative ability, Creative thinking, Nonfiction, Psychology, Creativity, Bf408 .c77 1996, Bf 408 c958 1997, 153.3/5","Creativity Mihaly Csikszentmihalyi Creativity is about capturing those moments that make life worth living. The author's objective is to offer an understanding of what leads to these moments, be it the excitement of the artist at the easel or the scientist in the lab, so that knowledge can be used to enrich people's lives. Drawing on 100 interviews with exceptional people, from biologists and physicists to politicians and business leaders, poets and artists, as well as his 30 years of research on the subject, Csikszentmihalyi uses his famous theory to explore the creative process. He discusses such ideas as why creative individuals are often seen as selfish and arrogant, and why the tortured genius is largely a myth. Most important, he clearly explains why creativity needs to be cultivated and is necessary for the future of our country, if not the world. Creative ability, Creative thinking, Nonfiction, Psychology, Creativity, Bf408 .c77 1996, Bf 408 c958 1997, 153.3/5"
Object relations and self psychology,"Michael St Clair, Jodie Wigren",1986.0,4165976.0,/works/OL29041W,https://covers.openlibrary.org/b/id/4165976-M.jpg,,"Ego, Self psychology, Object relations (Psychoanalysis), Personality disorders, Object Attachment, Psychoanalytic Theory, Counselling, The self, ego, identity, personality, Education / Teaching, Textbooks, Education, Psychotherapy - Counseling, Counseling - General, Psychology & Psychiatry / Counseling, Object relations (Psychoanalys, Self-perception","Object relations and self psychology Michael St Clair, Jodie Wigren  Ego, Self psychology, Object relations (Psychoanalysis), Personality disorders, Object Attachment, Psychoanalytic Theory, Counselling, The self, ego, identity, personality, Education / Teaching, Textbooks, Education, Psychotherapy - Counseling, Counseling - General, Psychology & Psychiatry / Counseling, Object relations (Psychoanalys, Self-perception"
The psychology of human behaviour,Richard A. Kalish,1966.0,0.0,/works/OL5363855W,,,,The psychology of human behaviour Richard A. Kalish  
Educational psychology,Edward L. Thorndike,1903.0,5711433.0,/works/OL1193061W,https://covers.openlibrary.org/b/id/5711433-M.jpg,,"Educational psychology, Lernpsychologie","Educational psychology Edward L. Thorndike  Educational psychology, Lernpsychologie"
Abnormal Psychology,Susan Nolen-Hoeksema,1997.0,9426013.0,/works/OL20734113W,https://covers.openlibrary.org/b/id/9426013-M.jpg,1 volume (various pagings) : 28 cm,"Psychology, pathological, Mental illness, Pathological Psychology, Textbooks","Abnormal Psychology Susan Nolen-Hoeksema 1 volume (various pagings) : 28 cm Psychology, pathological, Mental illness, Pathological Psychology, Textbooks"
The psychology of happiness,Michael Argyle,1987.0,265917.0,/works/OL3903941W,https://covers.openlibrary.org/b/id/265917-M.jpg,,"Happiness, Psychologie, Happiness [MESH], Bonheur, Glück, Geluk, PSYCHOLOGY, Physiological Psychology, Geestelijke gezondheid, Vreugde, Humor (grappigheden)","The psychology of happiness Michael Argyle  Happiness, Psychologie, Happiness [MESH], Bonheur, Glück, Geluk, PSYCHOLOGY, Physiological Psychology, Geestelijke gezondheid, Vreugde, Humor (grappigheden)"
The definition of psychology,Fred Simmons Keller,1937.0,6922378.0,/works/OL6917646W,https://covers.openlibrary.org/b/id/6922378-M.jpg,,"Psychology, Textbooks, Psychology textbooks, Humanities textbooks","The definition of psychology Fred Simmons Keller  Psychology, Textbooks, Psychology textbooks, Humanities textbooks"
Criminal behavior,"Curt R. Bartol, Anne M. Bartol",1980.0,1105317.0,/works/OL1967394W,https://covers.openlibrary.org/b/id/1105317-M.jpg,,"Crime, Crime and criminals, Criminal behavior, Criminal behavior, Prediction of, Criminal psychology, Prediction of Criminal behavior, Psychologie criminelle, Prédiction du comportement criminel, Aspect social, Criminalité, Criminaliteit, Criminalite, Prediction du comportement criminel, Criminels, Kriminalitat, Kriminalpsychologie, Verbrechensprognose, Crime, united states, Criminal Law, Criminal Psychology, True crime - general & miscellaneous","Criminal behavior Curt R. Bartol, Anne M. Bartol  Crime, Crime and criminals, Criminal behavior, Criminal behavior, Prediction of, Criminal psychology, Prediction of Criminal behavior, Psychologie criminelle, Prédiction du comportement criminel, Aspect social, Criminalité, Criminaliteit, Criminalite, Prediction du comportement criminel, Criminels, Kriminalitat, Kriminalpsychologie, Verbrechensprognose, Crime, united states, Criminal Law, Criminal Psychology, True crime - general & miscellaneous"
Psychology of language,"Carroll, David W.",1986.0,3734405.0,/works/OL1919354W,https://covers.openlibrary.org/b/id/3734405-M.jpg,,"Textbooks, Psycholinguistics, Psycholinguistique, Taalpsychologie, Psycholinguistik","Psychology of language Carroll, David W.  Textbooks, Psycholinguistics, Psycholinguistique, Taalpsychologie, Psycholinguistik"
Gestalt psychology,Wolfgang Köhler,1929.0,661429.0,/works/OL4041726W,https://covers.openlibrary.org/b/id/661429-M.jpg,,"Gestalt psychology, Gestaltpsychologie, Psychology, Psychological Theory, 77.12 gestalt psychology, Einführung, Psychologie de la forme","Gestalt psychology Wolfgang Köhler  Gestalt psychology, Gestaltpsychologie, Psychology, Psychological Theory, 77.12 gestalt psychology, Einführung, Psychologie de la forme"
"The rape of the mind; the psychology of thought control, menticide, and brainwashing",Joost Meerloo,1956.0,8232519.0,/works/OL6527625W,https://covers.openlibrary.org/b/id/8232519-M.jpg,"This book is about thought control in general and about brainwashing or menticide in particular. Its somewhat alarming title attests to the author's journalistic talent but seems to reflect also his deep concern about the sinister subject of this work. During World War II, while he was still in Holland, the author saw some of the effects and learned about the methods of this new weapon of totalitarianism. A number of his countrymen who were members of the underground movement had been subjected to the methodical use of torture and mental coercion by the Nazis and came to him for psychiatric treatment. Finally, he too was exposed to the subtle brutality of this systematic ""destruction of man's mind.""","Brainwashing, Psychological Warfare, Persuasive Communication, thought control, torture, mental coercion, World War II, psychiatric treatment, Nazis, Coercion, Conflict (Psychology), Psychological Conflict","The rape of the mind; the psychology of thought control, menticide, and brainwashing Joost Meerloo This book is about thought control in general and about brainwashing or menticide in particular. Its somewhat alarming title attests to the author's journalistic talent but seems to reflect also his deep concern about the sinister subject of this work. During World War II, while he was still in Holland, the author saw some of the effects and learned about the methods of this new weapon of totalitarianism. A number of his countrymen who were members of the underground movement had been subjected to the methodical use of torture and mental coercion by the Nazis and came to him for psychiatric treatment. Finally, he too was exposed to the subtle brutality of this systematic ""destruction of man's mind."" Brainwashing, Psychological Warfare, Persuasive Communication, thought control, torture, mental coercion, World War II, psychiatric treatment, Nazis, Coercion, Conflict (Psychology), Psychological Conflict"
Exploring Social Psychology,David G. Myers,1993.0,64477.0,/works/OL14859350W,https://covers.openlibrary.org/b/id/64477-M.jpg,,"Social psychology, Sociale psychologie, Psychosociologie","Exploring Social Psychology David G. Myers  Social psychology, Sociale psychologie, Psychosociologie"
Psychology Ciccarelli,"Saundra K. Ciccarelli, J. Noland White",2021.0,15106460.0,/works/OL31214105W,https://covers.openlibrary.org/b/id/15106460-M.jpg,,"Suspense, General, English & college success -> english -> fiction","Psychology Ciccarelli Saundra K. Ciccarelli, J. Noland White  Suspense, General, English & college success -> english -> fiction"
Freud,All Psychology,2020.0,0.0,/works/OL21949230W,,,,Freud All Psychology  
Psychology of adjustment,Audrey Haber,1984.0,8143805.0,/works/OL5102991W,https://covers.openlibrary.org/b/id/8143805-M.jpg,,"Adjustment (Psychology), Social Adjustment, Psychological Adaptation, Ajustement (Psychologie), Anpassung","Psychology of adjustment Audrey Haber  Adjustment (Psychology), Social Adjustment, Psychological Adaptation, Ajustement (Psychologie), Anpassung"
Ego psychology and social work practice,Eda G. Goldstein,1984.0,18804.0,/works/OL1892191W,https://covers.openlibrary.org/b/id/18804-M.jpg,,"Psychology, Textbooks, Moi (Psychologie), Psychoanalytic Theory, Psychology textbooks, Ego, Psychiatric social work, Social Work, Humanities textbooks, Service social psychiatrique, Ego (Psychology), Social service","Ego psychology and social work practice Eda G. Goldstein  Psychology, Textbooks, Moi (Psychologie), Psychoanalytic Theory, Psychology textbooks, Ego, Psychiatric social work, Social Work, Humanities textbooks, Service social psychiatrique, Ego (Psychology), Social service"
Behind her eyes,Sarah Pinborough,2017.0,9254137.0,/works/OL20043519W,https://covers.openlibrary.org/b/id/9254137-M.jpg,"""Only two can keep a secret if one of them is dead. David and Adele seem like the ideal pair. He's a successful psychiatrist, she is his picture-perfect wife who adores him. But why is he so controlling? And why is she keeping things hidden? As Louise, David's new secretary, is drawn into their orbit, she uncovers more puzzling questions than answers. The only thing that is crystal clear is that something in this marriage is very, very wrong. But Louise can't guess how wrong--and how far a person might go to protect their marriage's secrets. ""--

""Destined to the the blockbuster book of 2017, Behind Her Eyes is a psychological thriller with a to-die-for twist for fans of Luckiest Girl Alive and Stephen King""--","English fiction, Fiction, Married people, Secretaries, Marital conflict, Secrecy, nyt:hardcover-fiction=2017-02-19, New York Times bestseller, Fiction, psychological, Fiction, thrillers, general, FICTION / Mystery & Detective / General, FICTION / Psychological, Psychiatrists, Suspense fiction, Triangles (Interpersonal relations), Adultery, Fiction, suspense, Fiction, thrillers, suspense","Behind her eyes Sarah Pinborough ""Only two can keep a secret if one of them is dead. David and Adele seem like the ideal pair. He's a successful psychiatrist, she is his picture-perfect wife who adores him. But why is he so controlling? And why is she keeping things hidden? As Louise, David's new secretary, is drawn into their orbit, she uncovers more puzzling questions than answers. The only thing that is crystal clear is that something in this marriage is very, very wrong. But Louise can't guess how wrong--and how far a person might go to protect their marriage's secrets. ""--

""Destined to the the blockbuster book of 2017, Behind Her Eyes is a psychological thriller with a to-die-for twist for fans of Luckiest Girl Alive and Stephen King""-- English fiction, Fiction, Married people, Secretaries, Marital conflict, Secrecy, nyt:hardcover-fiction=2017-02-19, New York Times bestseller, Fiction, psychological, Fiction, thrillers, general, FICTION / Mystery & Detective / General, FICTION / Psychological, Psychiatrists, Suspense fiction, Triangles (Interpersonal relations), Adultery, Fiction, suspense, Fiction, thrillers, suspense"
Social psychology,"Douglas T. Kenrick, Steven L. Neuberg, Robert B. Cialdini",1998.0,1144293.0,/works/OL2003222W,https://covers.openlibrary.org/b/id/1144293-M.jpg,,"Social psychology, Sociale psychologie, Sozialpsychologie","Social psychology Douglas T. Kenrick, Steven L. Neuberg, Robert B. Cialdini  Social psychology, Sociale psychologie, Sozialpsychologie"
The psychological birth of the human infant,"Margaret S. Mahler, Fred Pine, Anni Bergman",1975.0,299015.0,/works/OL3035382W,https://covers.openlibrary.org/b/id/299015-M.jpg,,"Child Development, Symbiose, Nourrissons, Separation-individuation, Kinderpsychologie, Textbooks, Infant psychology, Separatie-individuatie, Psychology textbooks, Growth, Humanities textbooks, Symbiosis (Psychology), Child Psychology, Infants, Psychologie, Psychology, Psychotherapy - General, Individuation, Kind, Entwicklung, Psychoanalyse, Psicologia da crianca, Desenvolvimento da crianca (psicologia)","The psychological birth of the human infant Margaret S. Mahler, Fred Pine, Anni Bergman  Child Development, Symbiose, Nourrissons, Separation-individuation, Kinderpsychologie, Textbooks, Infant psychology, Separatie-individuatie, Psychology textbooks, Growth, Humanities textbooks, Symbiosis (Psychology), Child Psychology, Infants, Psychologie, Psychology, Psychotherapy - General, Individuation, Kind, Entwicklung, Psychoanalyse, Psicologia da crianca, Desenvolvimento da crianca (psicologia)"
Psychological testing,"Robert M. Kaplan, Dennis P. Saccuzzo",1982.0,4324019.0,/works/OL3265193W,https://covers.openlibrary.org/b/id/4324019-M.jpg,,"Psychological tests, Methods, Psychological testing & measurement, Psychological Testing, Psychology, Assessment, Testing & Measurement, General, Psychologie, Test, Testen, Tests psychologiques","Psychological testing Robert M. Kaplan, Dennis P. Saccuzzo  Psychological tests, Methods, Psychological testing & measurement, Psychological Testing, Psychology, Assessment, Testing & Measurement, General, Psychologie, Test, Testen, Tests psychologiques"
A history of psychology,"Thomas Hardy Leahey, Thomas H. Leahey",1999.0,80898.0,/works/OL19619378W,https://covers.openlibrary.org/b/id/80898-M.jpg,,"Psychology, History, Psychology, history","A history of psychology Thomas Hardy Leahey, Thomas H. Leahey  Psychology, History, Psychology, history"
Psychology,Jeffrey S. Nevid,2002.0,1325053.0,/works/OL2681901W,https://covers.openlibrary.org/b/id/1325053-M.jpg,"Psychology: Concepts and Applications has been developed based upon the author's research on how students best learn from a textbook. It presents a concept-based modular organization focused on four key objectives: to enhance learning, engage student interest, sharpen critical thinking skills, and incorporate technology as a tool for learning. The text provides a broad perspective on psychology that covers the history, methods of research, major theories, and research findings of the discipline, as well as applications of the knowledge gained from contemporary research to the problems and challenges we face in today's world. - Preface.","Psychology, Textbooks, Psychologie","Psychology Jeffrey S. Nevid Psychology: Concepts and Applications has been developed based upon the author's research on how students best learn from a textbook. It presents a concept-based modular organization focused on four key objectives: to enhance learning, engage student interest, sharpen critical thinking skills, and incorporate technology as a tool for learning. The text provides a broad perspective on psychology that covers the history, methods of research, major theories, and research findings of the discipline, as well as applications of the knowledge gained from contemporary research to the problems and challenges we face in today's world. - Preface. Psychology, Textbooks, Psychologie"
A history of psychology,John G. Benjafield,1996.0,1144170.0,/works/OL2967309W,https://covers.openlibrary.org/b/id/1144170-M.jpg,,"Psychology, History, Psychologie, Psychology, history, Textbooks, Manuels d'enseignement supérieur, Histoire, História da psicologia","A history of psychology John G. Benjafield  Psychology, History, Psychologie, Psychology, history, Textbooks, Manuels d'enseignement supérieur, Histoire, História da psicologia"
Finding flow,Mihaly Csikszentmihalyi,1997.0,298856.0,/works/OL506559W,https://covers.openlibrary.org/b/id/298856-M.jpg,"Based on a far-reaching study of thousands of individuals, Finding Flow contends that we often walk through our days unaware and out of touch with our emotional lives. As a result of this inattention, we find ourselves constantly bouncing between two extremes: during much of the day we live inundated by the anxiety and pressures of our work and obligations, and during our leisure moments, we tend to live in passive boredom.

Part psychological study and part self-help book, Finding Flow is a prescriptive guide that helps us reclaim ownership of our lives. The key, according to Csikszentmihalyi, is to challenge ourselves with tasks that require a high degree of skill and commitment. Instead of watching television, play the piano; transform a routine task with a different approach. In short, learn the joy of complete engagement.

Though they appear simple on the surface, the lessons in Finding Flow are life-changing. By crystallizing these concepts - developed through a life's work and research at the University of Chicago - into clear guidelines, Csikszentmihalyi has crafted a profound and momentous work that provides readers with the tools they need to live richer, more vital lives.","Conduct of life, Happiness, Gedrag, Morale pratique, Bonheur, Dagelijks leven, Geluk, Life Style, Lebensfreude, Psychologie, Glück, Glu ck, Engagement, Vie quotidienne, Mindfulness (Psychology), Motivation d'accomplissement, Réalisation de soi, New York Times reviewed, Self-help techniques","Finding flow Mihaly Csikszentmihalyi Based on a far-reaching study of thousands of individuals, Finding Flow contends that we often walk through our days unaware and out of touch with our emotional lives. As a result of this inattention, we find ourselves constantly bouncing between two extremes: during much of the day we live inundated by the anxiety and pressures of our work and obligations, and during our leisure moments, we tend to live in passive boredom.

Part psychological study and part self-help book, Finding Flow is a prescriptive guide that helps us reclaim ownership of our lives. The key, according to Csikszentmihalyi, is to challenge ourselves with tasks that require a high degree of skill and commitment. Instead of watching television, play the piano; transform a routine task with a different approach. In short, learn the joy of complete engagement.

Though they appear simple on the surface, the lessons in Finding Flow are life-changing. By crystallizing these concepts - developed through a life's work and research at the University of Chicago - into clear guidelines, Csikszentmihalyi has crafted a profound and momentous work that provides readers with the tools they need to live richer, more vital lives. Conduct of life, Happiness, Gedrag, Morale pratique, Bonheur, Dagelijks leven, Geluk, Life Style, Lebensfreude, Psychologie, Glück, Glu ck, Engagement, Vie quotidienne, Mindfulness (Psychology), Motivation d'accomplissement, Réalisation de soi, New York Times reviewed, Self-help techniques"
Developmental psychology,David Shaffer,1985.0,10223052.0,/works/OL6397048W,https://covers.openlibrary.org/b/id/10223052-M.jpg,,"Adolescent psychology, Child psychology, Child Development, Adolescent Psychology, Textbooks, Enfants, Ontwikkelingspsychologie, Jugendpsychologie, Kinderpsychologie, Psychologie, Psychologie du développement, Child Psychology, Adolescents","Developmental psychology David Shaffer  Adolescent psychology, Child psychology, Child Development, Adolescent Psychology, Textbooks, Enfants, Ontwikkelingspsychologie, Jugendpsychologie, Kinderpsychologie, Psychologie, Psychologie du développement, Child Psychology, Adolescents"
Psychology of Money,Jim Ware,2001.0,0.0,/works/OL21484741W,,,,Psychology of Money Jim Ware  
Experimental psychology,Benton J. Underwood,1949.0,7152830.0,/works/OL1226181W,https://covers.openlibrary.org/b/id/7152830-M.jpg,,"Experimentele psychologie, Textbooks, Physiological Psychology, Psychology textbooks, Psychophysiology, Humanities textbooks, Experimental Psychology","Experimental psychology Benton J. Underwood  Experimentele psychologie, Textbooks, Physiological Psychology, Psychology textbooks, Psychophysiology, Humanities textbooks, Experimental Psychology"
Even the Rat Was White,Robert V. Guthrie,1976.0,138094.0,/works/OL2652465W,https://covers.openlibrary.org/b/id/138094-M.jpg,"xii, 224 p. : 24 cm","Ethnopsychology, African American psychologists, Race relations, Psychology, Blacks, Afro-Americans, Anthropometry, History, African Americans, Rassendiscriminatie, Psychologie, Intelligentietests, Geschichte, Persoonlijkheidstests, Negers, Psychology, history, African americans, psychology, Psychology -- History, Ethnopsychology -- History, Anthropometry -- History, Blacks -- Psychology, Psychology -- History -- United States, Ethnopsychology -- History -- United States, Afro-Americans -- History -- United States, Race relations -- History -- United States, Black people","Even the Rat Was White Robert V. Guthrie xii, 224 p. : 24 cm Ethnopsychology, African American psychologists, Race relations, Psychology, Blacks, Afro-Americans, Anthropometry, History, African Americans, Rassendiscriminatie, Psychologie, Intelligentietests, Geschichte, Persoonlijkheidstests, Negers, Psychology, history, African americans, psychology, Psychology -- History, Ethnopsychology -- History, Anthropometry -- History, Blacks -- Psychology, Psychology -- History -- United States, Ethnopsychology -- History -- United States, Afro-Americans -- History -- United States, Race relations -- History -- United States, Black people"
Psychology,John Dewey,1887.0,5834349.0,/works/OL111329W,https://covers.openlibrary.org/b/id/5834349-M.jpg,,Psychology,Psychology John Dewey  Psychology
Advanced Educational Psychology,"S. S. Chauhan, Shivadan Singh Chauhan",1978.0,0.0,/works/OL9564566W,,,"Educational Psychology, Education / Teaching","Advanced Educational Psychology S. S. Chauhan, Shivadan Singh Chauhan  Educational Psychology, Education / Teaching"
Experimental psychology,Robert Sessions Woodworth,1938.0,10768063.0,/works/OL140670W,https://covers.openlibrary.org/b/id/10768063-M.jpg,,"Experimental Psychology, Physiological Psychology, Psychology, Experimental, Psychology, Physiological, Psychophysiology","Experimental psychology Robert Sessions Woodworth  Experimental Psychology, Physiological Psychology, Psychology, Experimental, Psychology, Physiological, Psychophysiology"
Environmental psychology,"Linda Steg, Agnes E. van den Berg, Judith I. M. de Groot",2012.0,13177372.0,/works/OL16462114W,https://covers.openlibrary.org/b/id/13177372-M.jpg,"""Explores the environment's effects on human wellbeing and behaviour, factors influencing environmental behaviour and ways of encouraging pro-environmental action""--","PSYCHOLOGY / Applied Psychology, Environmental psychology","Environmental psychology Linda Steg, Agnes E. van den Berg, Judith I. M. de Groot ""Explores the environment's effects on human wellbeing and behaviour, factors influencing environmental behaviour and ways of encouraging pro-environmental action""-- PSYCHOLOGY / Applied Psychology, Environmental psychology"
Counseling psychology,"Robert Henley Woody, Robert Henley Wood, James C. Hansen, Robert H. Rossberg",1989.0,6621605.0,/works/OL3278956W,https://covers.openlibrary.org/b/id/6621605-M.jpg,,"Textbooks, Counseling psychology, Psychology textbooks, Humanities textbooks, Counseling, Psychotherapy, Counselling, Psychology, Applied Psychology, Psychotherapy - Counseling","Counseling psychology Robert Henley Woody, Robert Henley Wood, James C. Hansen, Robert H. Rossberg  Textbooks, Counseling psychology, Psychology textbooks, Humanities textbooks, Counseling, Psychotherapy, Counselling, Psychology, Applied Psychology, Psychotherapy - Counseling"
Criminological and Forensic Psychology,Helen Gavin,2002.0,9165981.0,/works/OL20515158W,https://covers.openlibrary.org/b/id/9165981-M.jpg,,"Criminal psychology, Forensic psychology, Textbooks, Criminal Psychology, Methods, Forensic Psychiatry, Crime, Psychology, Prisoners","Criminological and Forensic Psychology Helen Gavin  Criminal psychology, Forensic psychology, Textbooks, Criminal Psychology, Methods, Forensic Psychiatry, Crime, Psychology, Prisoners"
Psychology of emotion,"Paula M. Niedenthal, Paula Niedenthal, Silvia Krauth-Gruber, Francois Ric",2006.0,2018467.0,/works/OL8003222W,https://covers.openlibrary.org/b/id/2018467-M.jpg,,"Emotions, Physiological & neuro-psychology, Psychology, Social Psychology, Psychology & Psychiatry / Social Psychology, âEmotions, Émotions, Psychology &amp; psychiatry, Bf511 .n534 2017, 2017 f-794, Bf 511, 152.4","Psychology of emotion Paula M. Niedenthal, Paula Niedenthal, Silvia Krauth-Gruber, Francois Ric  Emotions, Physiological & neuro-psychology, Psychology, Social Psychology, Psychology & Psychiatry / Social Psychology, âEmotions, Émotions, Psychology &amp; psychiatry, Bf511 .n534 2017, 2017 f-794, Bf 511, 152.4"
Lesbian psychologies,Boston Lesbian Psychologies Collective,1987.0,146511.0,/works/OL16042697W,https://covers.openlibrary.org/b/id/146511-M.jpg,Includes bibliographies and index.,"Psychology, Textbooks, Lesbische Liebe, Lesbiennes, Interpersonal relations, Psychology textbooks, Homosexuality, Psychologie, Humanities textbooks, Lesbians, Relations humaines, Lesbierin, Women, États-Unis, Lesbe, Women, psychology, Gays, mental health, Feminist therapy","Lesbian psychologies Boston Lesbian Psychologies Collective Includes bibliographies and index. Psychology, Textbooks, Lesbische Liebe, Lesbiennes, Interpersonal relations, Psychology textbooks, Homosexuality, Psychologie, Humanities textbooks, Lesbians, Relations humaines, Lesbierin, Women, États-Unis, Lesbe, Women, psychology, Gays, mental health, Feminist therapy"
The psychology of insanity,Bernard Hart,1912.0,5768297.0,/works/OL1073648W,https://covers.openlibrary.org/b/id/5768297-M.jpg,,"Insanity, Insanity (Law), Mental illness, Pathological Psychology, Psychiatry, Psychology, Pathological, Psychopathology, Mental Disorders, Psychology","The psychology of insanity Bernard Hart  Insanity, Insanity (Law), Mental illness, Pathological Psychology, Psychiatry, Psychology, Pathological, Psychopathology, Mental Disorders, Psychology"
Health Psychology,Jane Ogden,1996.0,2394343.0,/works/OL2937624W,https://covers.openlibrary.org/b/id/2394343-M.jpg,,"Clinical health psychology, Clinical psychology, Psychology, Clinical, Psychopathologie, Clinical Psychology, Psychologie clinique, Psychologie de la santé, Aspect psychologique, Medische psychologie, Santé, Clinical Medicine, MEDICAL, Gezondheid, Medicina do comportamento, Doenças (aspectos psicológicos), Evidence-Based Medicine, Psicologia clínica, Gedrag, Internal Medicine, Gesundheitspsychologie, Diseases, General, HEALTH & FITNESS, Psicologia da saúde, Beteendemedicin, Hälsobeteende, Medical","Health Psychology Jane Ogden  Clinical health psychology, Clinical psychology, Psychology, Clinical, Psychopathologie, Clinical Psychology, Psychologie clinique, Psychologie de la santé, Aspect psychologique, Medische psychologie, Santé, Clinical Medicine, MEDICAL, Gezondheid, Medicina do comportamento, Doenças (aspectos psicológicos), Evidence-Based Medicine, Psicologia clínica, Gedrag, Internal Medicine, Gesundheitspsychologie, Diseases, General, HEALTH & FITNESS, Psicologia da saúde, Beteendemedicin, Hälsobeteende, Medical"
Cognitive psychology,John B. Best,1986.0,186929.0,/works/OL1965445W,https://covers.openlibrary.org/b/id/186929-M.jpg,,"Cognitive psychology, Cognition, Psychologie cognitive, Cognitieve psychologie","Cognitive psychology John B. Best  Cognitive psychology, Cognition, Psychologie cognitive, Cognitieve psychologie"
Trading Psychology,Anirudh Sethi,2017.0,12507616.0,/works/OL26919220W,https://covers.openlibrary.org/b/id/12507616-M.jpg,,,Trading Psychology Anirudh Sethi  
Thought reform and the psychology of totalism,"Robert Jay Lifton, Robert Jay Lifton",1961.0,591306.0,/works/OL15241904W,https://covers.openlibrary.org/b/id/591306-M.jpg,,"Brainwashing, Communism, China, politics and government, Persuasive Communication, Applied Psychology, Volition, Physiological Stress","Thought reform and the psychology of totalism Robert Jay Lifton, Robert Jay Lifton  Brainwashing, Communism, China, politics and government, Persuasive Communication, Applied Psychology, Volition, Physiological Stress"
The laws of human nature,"Wheeler, Raymond Holder",1931.0,11008521.0,/works/OL210644W,https://covers.openlibrary.org/b/id/11008521-M.jpg,,"Psychology, History, Gestalt psychology","The laws of human nature Wheeler, Raymond Holder  Psychology, History, Gestalt psychology"
Gender,Linda Brannon,2015.0,10464225.0,/works/OL21300361W,https://covers.openlibrary.org/b/id/10464225-M.jpg,,"Gender identity, Sex differences (psychology), Sex differences (Psychology), Textbooks","Gender Linda Brannon  Gender identity, Sex differences (psychology), Sex differences (Psychology), Textbooks"
Organizational psychology,David A. Kolb,1971.0,4229373.0,/works/OL3519099W,https://covers.openlibrary.org/b/id/4229373-M.jpg,,"Textbooks, Organization and Administration, Industrial Psychology, Collected Works, Psychology, Industrial, Psychology textbooks, Human Engineering, Addresses, essays, lectures, Humanities textbooks, Organisationspsychologie, Psychologie du travail, Aufsatzsammlung, Organizational behavior, Management, Psychology, Ergonomics","Organizational psychology David A. Kolb  Textbooks, Organization and Administration, Industrial Psychology, Collected Works, Psychology, Industrial, Psychology textbooks, Human Engineering, Addresses, essays, lectures, Humanities textbooks, Organisationspsychologie, Psychologie du travail, Aufsatzsammlung, Organizational behavior, Management, Psychology, Ergonomics"
The psychology of salesmanship,William Walker Atkinson,1910.0,5621054.0,/works/OL3875840W,https://covers.openlibrary.org/b/id/5621054-M.jpg,,"Salesmen and salesmanship, Selling, Psychological aspects of Selling, Psychological aspects, Sales personnel","The psychology of salesmanship William Walker Atkinson  Salesmen and salesmanship, Selling, Psychological aspects of Selling, Psychological aspects, Sales personnel"
Psikologi industri dan organisasi,"Chin, Khee Tow.",1980.0,0.0,/works/OL6435999W,,,"Bibliography, Industrial Psychology, Personnel management","Psikologi industri dan organisasi Chin, Khee Tow.  Bibliography, Industrial Psychology, Personnel management"
Social psychology,Elliot Aronson,1973.0,2382529.0,/works/OL1589958W,https://covers.openlibrary.org/b/id/2382529-M.jpg,,"Social psychology, open_syllabus_project, Problems, exercises, Sozialpsychologie, Sociale psychologie","Social psychology Elliot Aronson  Social psychology, open_syllabus_project, Problems, exercises, Sozialpsychologie, Sociale psychologie"
Psychological counseling,Edward S. Bordin,1955.0,7147277.0,/works/OL7006393W,https://covers.openlibrary.org/b/id/7147277-M.jpg,"This text presents an overview of psychological counseling that is intended primarily for graduate students in psychology, particularly those who plan to become counseling or clinical psychologists. The term psychological counseling is sufficiently new as to require explanation. The choice of this title was governed by the author's dual purpose: (1) to address counselors being trained to further individual personality development; (2) to treat counseling as a process based upon psychological foundations. The text itself is divided into three parts: Introduction to Psychological Counseling, the purpose of which is to acquaint the reader with the salient features of the activities of the psychological counselor; Theoretical Foundations, herein psychological counseling is treated as the application of a general theory of psychotherapy to the special conditions and purposes which surround this particular enterprise and, therefore, a general review of psychotherapeutic theories and their applications to counseling is undertaken; and The Process of Psychological Counseling, which aims to show the answers to practical problems of counseling that derive from the theories and concepts set forth in the foregoing part--including examples of the many events in which the counselor has a part to play that furthers his client's progress toward emotional maturity and well-being. The author warns that discussions, for the most part, will assume that readers possess a broad familiarity with the facts and principles of psychology, especially those associated with personality theory and development, both normal and abnormal, and with theory and technique of psychological assessment. (PsycINFO Database Record (c) 2005 APA, all rights reserved).","Counseling, Psychologische Beratung, Egyptian Art, Proportion (Art), Antiquities, Psychotherapy","Psychological counseling Edward S. Bordin This text presents an overview of psychological counseling that is intended primarily for graduate students in psychology, particularly those who plan to become counseling or clinical psychologists. The term psychological counseling is sufficiently new as to require explanation. The choice of this title was governed by the author's dual purpose: (1) to address counselors being trained to further individual personality development; (2) to treat counseling as a process based upon psychological foundations. The text itself is divided into three parts: Introduction to Psychological Counseling, the purpose of which is to acquaint the reader with the salient features of the activities of the psychological counselor; Theoretical Foundations, herein psychological counseling is treated as the application of a general theory of psychotherapy to the special conditions and purposes which surround this particular enterprise and, therefore, a general review of psychotherapeutic theories and their applications to counseling is undertaken; and The Process of Psychological Counseling, which aims to show the answers to practical problems of counseling that derive from the theories and concepts set forth in the foregoing part--including examples of the many events in which the counselor has a part to play that furthers his client's progress toward emotional maturity and well-being. The author warns that discussions, for the most part, will assume that readers possess a broad familiarity with the facts and principles of psychology, especially those associated with personality theory and development, both normal and abnormal, and with theory and technique of psychological assessment. (PsycINFO Database Record (c) 2005 APA, all rights reserved). Counseling, Psychologische Beratung, Egyptian Art, Proportion (Art), Antiquities, Psychotherapy"
Psychological statistics,Quinn McNemar,1949.0,4403981.0,/works/OL6578597W,https://covers.openlibrary.org/b/id/4403981-M.jpg,,"Statistics, Gedragswetenschappen, Psychometrics, Statistics textbooks, Textbooks, Mathematics textbooks, Statistische methoden, Statistique, Statistics as Topic","Psychological statistics Quinn McNemar  Statistics, Gedragswetenschappen, Psychometrics, Statistics textbooks, Textbooks, Mathematics textbooks, Statistische methoden, Statistique, Statistics as Topic"
Psychology,Charles Hubbard Judd,1907.0,5712716.0,/works/OL7202915W,https://covers.openlibrary.org/b/id/5712716-M.jpg,,Psychology,Psychology Charles Hubbard Judd  Psychology
Mind in Society,L. S. Vygotsky,1978.0,413602.0,/works/OL8298080W,https://covers.openlibrary.org/b/id/413602-M.jpg,,,Mind in Society L. S. Vygotsky  
Health Psychology,Richard O. Straub,2007.0,10170502.0,/works/OL20856653W,https://covers.openlibrary.org/b/id/10170502-M.jpg,1 volume (various pagings) : 26 cm,"Clinical health psychology, Health behavior, Social medicine","Health Psychology Richard O. Straub 1 volume (various pagings) : 26 cm Clinical health psychology, Health behavior, Social medicine"
Integral psychology,Ken Wilber,1999.0,817381.0,/works/OL114248W,https://covers.openlibrary.org/b/id/817381-M.jpg,"""This book presents one of the first truly integrative models of consciousness, psychology, and therapy. Drawing on hundreds of sources - East and West, ancient and modern - Wilber creates a psychological model that includes waves of development, streams of development, states of consciousness, and the self, and follows the course of each from subconscious to self-conscious to superconscious.""--Jacket.","Developmental psychology, Transpersonal psychology, Consciousness, Philosophy, Psychology, Psychology, philosophy, Conscience, Psychologie, Philosophie, Biological Evolution, Psychotherapy","Integral psychology Ken Wilber ""This book presents one of the first truly integrative models of consciousness, psychology, and therapy. Drawing on hundreds of sources - East and West, ancient and modern - Wilber creates a psychological model that includes waves of development, streams of development, states of consciousness, and the self, and follows the course of each from subconscious to self-conscious to superconscious.""--Jacket. Developmental psychology, Transpersonal psychology, Consciousness, Philosophy, Psychology, Psychology, philosophy, Conscience, Psychologie, Philosophie, Biological Evolution, Psychotherapy"
Portraits of pioneers in psychology,"Apa, Gregory A. Kimble, Michael Wertheimer",1996.0,9464450.0,/works/OL16955279W,https://covers.openlibrary.org/b/id/9464450-M.jpg,,Psychologen,"Portraits of pioneers in psychology Apa, Gregory A. Kimble, Michael Wertheimer  Psychologen"
Psychology,Lester Sdorow,1990.0,1342610.0,/works/OL2766470W,https://covers.openlibrary.org/b/id/1342610-M.jpg,1 v. (various pagings) : 29 cm,"Psychology, Textbooks, Psychology textbooks, Humanities textbooks, Psychologie, Psicologia, Manuels d'enseignement, Psychology -- Textbooks","Psychology Lester Sdorow 1 v. (various pagings) : 29 cm Psychology, Textbooks, Psychology textbooks, Humanities textbooks, Psychologie, Psicologia, Manuels d'enseignement, Psychology -- Textbooks"
The psychology of human behavior,Richard A. Kalish,1966.0,14615912.0,/works/OL5363856W,https://covers.openlibrary.org/b/id/14615912-M.jpg,,"Psychology, Textbooks, Psychology textbooks, Humanities textbooks, Psychologie, Behavior","The psychology of human behavior Richard A. Kalish  Psychology, Textbooks, Psychology textbooks, Humanities textbooks, Psychologie, Behavior"
Manipulation and Dark Psychology : Manipulation and Dark Psychology,R. J. Anderson,2019.0,0.0,/works/OL26798469W,,,Psychology,Manipulation and Dark Psychology : Manipulation and Dark Psychology R. J. Anderson  Psychology
Clinical psychology,"Norman D. Sundberg, Allen A. Winebarger, Julian R. Taplin",1962.0,1104982.0,/works/OL5912342W,https://covers.openlibrary.org/b/id/1104982-M.jpg,,"Clinical psychology, Psicología clínica","Clinical psychology Norman D. Sundberg, Allen A. Winebarger, Julian R. Taplin  Clinical psychology, Psicología clínica"
Learning,Winfred F. Hill,1963.0,1335619.0,/works/OL3260140W,https://covers.openlibrary.org/b/id/1335619-M.jpg,"viii, 216 p. ; 24 cm","Learning, Psychology of, Psychology of Learning, Psychologische aspecten, Psychology, Learning, Lernpsychologie, Leren, Educational psychology, Learning and scholarship, Psychologie de l'apprentissage, Apprentissage, Einführung, Apprentissage, Psychologie de l'","Learning Winfred F. Hill viii, 216 p. ; 24 cm Learning, Psychology of, Psychology of Learning, Psychologische aspecten, Psychology, Learning, Lernpsychologie, Leren, Educational psychology, Learning and scholarship, Psychologie de l'apprentissage, Apprentissage, Einführung, Apprentissage, Psychologie de l'"
Psychology,Henry Gleitman,1981.0,252807.0,/works/OL1923844W,https://covers.openlibrary.org/b/id/252807-M.jpg,"xxii, 745, 93 p. : 26 cm","Psychology, Textbooks, Psychology textbooks, Psychologie, Humanities textbooks, Psykologi, State of the art review, Psychology -- Textbooks","Psychology Henry Gleitman xxii, 745, 93 p. : 26 cm Psychology, Textbooks, Psychology textbooks, Psychologie, Humanities textbooks, Psykologi, State of the art review, Psychology -- Textbooks"
Mastering psychology,Lester A. Lefton,1983.0,6996983.0,/works/OL3269566W,https://covers.openlibrary.org/b/id/6996983-M.jpg,,"Psychology, Textbooks, Psychology textbooks, Humanities textbooks","Mastering psychology Lester A. Lefton  Psychology, Textbooks, Psychology textbooks, Humanities textbooks"
An Introduction to Health Psychology,"Val Morrison, Paul Bennett",2006.0,7140562.0,/works/OL5847827W,https://covers.openlibrary.org/b/id/7140562-M.jpg,"An Introduction to Health Psychology presents theory through an appreciation of how society and culture impact in practice. It focuses on three broad themes: * Health, health behaviour and staying healthy * Becoming ill and using healthcare * Being ill and the impact on the individual and their families. The book covers all mainstream health psychology topics and also provides coverage of crucial contemporary issues such as cross-cultural dimensions of health and illness. Chapters are structured logically and explanation delivered with real clarity. This is the book that will engage and teach students in an entirely new way.","Health Psychology, Psychological factors, Clinical health psychology, Human diseases, Health, Quality of life, Behavioral Medicine, Psychophysiologic Disorders","An Introduction to Health Psychology Val Morrison, Paul Bennett An Introduction to Health Psychology presents theory through an appreciation of how society and culture impact in practice. It focuses on three broad themes: * Health, health behaviour and staying healthy * Becoming ill and using healthcare * Being ill and the impact on the individual and their families. The book covers all mainstream health psychology topics and also provides coverage of crucial contemporary issues such as cross-cultural dimensions of health and illness. Chapters are structured logically and explanation delivered with real clarity. This is the book that will engage and teach students in an entirely new way. Health Psychology, Psychological factors, Clinical health psychology, Human diseases, Health, Quality of life, Behavioral Medicine, Psychophysiologic Disorders"
Psychology,"OpenStax, Rose M. Spielman, Kathryn Dumper, William Jenkins, Arlene Lacombe, Marilyn Lovett, Marion Perlmutter, William J. Jenkins, Marilyn D. Lovett, Joanna Czarnota-Bojarska",2014.0,10414510.0,/works/OL19759719W,https://covers.openlibrary.org/b/id/10414510-M.jpg,"Psychology 2e is designed to meet scope and sequence requirements for the single-semester introduction to psychology course. The book offers a comprehensive treatment of core concepts, grounded in both classic studies and current and emerging research. The text also includes coverage of the DSM-5 in examinations of psychological disorders. Psychology incorporates discussions that reflect the diversity within the discipline, as well as the diversity of cultures and communities across the globe.

The second edition contains detailed updates to address comments and suggestions from users. Significant improvements and additions were made in the areas of research currency, diversity and representation, and the relevance and recency of the examples. Many concepts were expanded or clarified, particularly through the judicious addition of detail and further explanation where necessary. Finally, the authors addressed the replication issues in the psychology discipline, both in the research chapter and where appropriate throughout the book.","Social Sciences, Open educational resources, Open Textbooks, Textbooks, Education","Psychology OpenStax, Rose M. Spielman, Kathryn Dumper, William Jenkins, Arlene Lacombe, Marilyn Lovett, Marion Perlmutter, William J. Jenkins, Marilyn D. Lovett, Joanna Czarnota-Bojarska Psychology 2e is designed to meet scope and sequence requirements for the single-semester introduction to psychology course. The book offers a comprehensive treatment of core concepts, grounded in both classic studies and current and emerging research. The text also includes coverage of the DSM-5 in examinations of psychological disorders. Psychology incorporates discussions that reflect the diversity within the discipline, as well as the diversity of cultures and communities across the globe.

The second edition contains detailed updates to address comments and suggestions from users. Significant improvements and additions were made in the areas of research currency, diversity and representation, and the relevance and recency of the examples. Many concepts were expanded or clarified, particularly through the judicious addition of detail and further explanation where necessary. Finally, the authors addressed the replication issues in the psychology discipline, both in the research chapter and where appropriate throughout the book. Social Sciences, Open educational resources, Open Textbooks, Textbooks, Education"
Educational psychology,David Paul Ausubel,1968.0,4418067.0,/works/OL3241751W,https://covers.openlibrary.org/b/id/4418067-M.jpg,"The basic premise of this book is that educational psychology is primarily concerned with the nature, conditions, outcomes, and evaluation of classroom learning.",Educational psychology,"Educational psychology David Paul Ausubel The basic premise of this book is that educational psychology is primarily concerned with the nature, conditions, outcomes, and evaluation of classroom learning. Educational psychology"
Clinical psychology,Andrew M. Pomerantz,2011.0,8629121.0,/works/OL16932803W,https://covers.openlibrary.org/b/id/8629121-M.jpg,,Clinical psychology,Clinical psychology Andrew M. Pomerantz  Clinical psychology
Fields of applied psychology,Anne Anastasi,1964.0,10569715.0,/works/OL10648696W,https://covers.openlibrary.org/b/id/10569715-M.jpg,,Applied Psychology,Fields of applied psychology Anne Anastasi  Applied Psychology
Psychology and Work,"Donald M. Truxillo, Talya N. Bauer, Berrin Erdogan",2015.0,13180962.0,/works/OL21284212W,https://covers.openlibrary.org/b/id/13180962-M.jpg,,"Psychology, industrial, Organizational behavior, Organizational sociology, Work, psychological aspects, Work, Industrial Psychology, Psychological aspects","Psychology and Work Donald M. Truxillo, Talya N. Bauer, Berrin Erdogan  Psychology, industrial, Organizational behavior, Organizational sociology, Work, psychological aspects, Work, Industrial Psychology, Psychological aspects"
Psychology,Peter O. Gray,2001.0,455933.0,/works/OL8373265W,https://covers.openlibrary.org/b/id/455933-M.jpg,"Peter Gray's evolutionary perspective and emphasis on critical thinking have made his rigorous yet accessible introduction to psychology a widely respected classroom favorite, edition after edition. Now thoroughly revised, with the help of new co-author David Bjorklund, This text invites and stimulates students to investigate the big ideas in psychological science.","Textbooks, Psychology, Psychology--textbooks, Psychologie, Bf121 .g667 2014, 150","Psychology Peter O. Gray Peter Gray's evolutionary perspective and emphasis on critical thinking have made his rigorous yet accessible introduction to psychology a widely respected classroom favorite, edition after edition. Now thoroughly revised, with the help of new co-author David Bjorklund, This text invites and stimulates students to investigate the big ideas in psychological science. Textbooks, Psychology, Psychology--textbooks, Psychologie, Bf121 .g667 2014, 150"
The wise heart,Jack Kornfield,2008.0,2519506.0,/works/OL3953126W,https://covers.openlibrary.org/b/id/2519506-M.jpg,"You have within you unlimited capacities for love, for joy, for communion with life, and for unshakable freedom--and here is how to awaken them. In The Wise Heart, one of the leading spiritual teachers of our time offers the most accessible and illuminating guide to Buddhism's transformational psychology ever published in the West.Trained as a monk in Thailand, Burma, and India, Jack Kornfield experienced at first hand the life-changing power of Buddhist teachings: the emphasis on the nobility and sacredness of the human spirit, the fine-grained analysis of emotion and thought, the precise techniques for healing, training, and transforming the mind and heart. In contrast to the medical orientation of most Western psychology and psychiatry, here is a vision of radiant human dignity, and a practical path for realizing it in our own lives.The Wise Heart is the fruit of a life's work that includes such classics as A Path with Heart and After the Ecstasy, the Laundry. Filled with stories from Kornfield's Buddhist psychotherapy practice and portraits of remarkable teachers, it also includes a moving account of his own recovery from a violence-filled childhood. For meditators and mental health professionals, Buddhists and non-Buddhists alike, The Wise Heart offers an extraordinary journey from the roots of consciousness to the highest expression of human possibility.From the Hardcover edition.","Psychology, Buddhism, Nonfiction, Religion & Spirituality","The wise heart Jack Kornfield You have within you unlimited capacities for love, for joy, for communion with life, and for unshakable freedom--and here is how to awaken them. In The Wise Heart, one of the leading spiritual teachers of our time offers the most accessible and illuminating guide to Buddhism's transformational psychology ever published in the West.Trained as a monk in Thailand, Burma, and India, Jack Kornfield experienced at first hand the life-changing power of Buddhist teachings: the emphasis on the nobility and sacredness of the human spirit, the fine-grained analysis of emotion and thought, the precise techniques for healing, training, and transforming the mind and heart. In contrast to the medical orientation of most Western psychology and psychiatry, here is a vision of radiant human dignity, and a practical path for realizing it in our own lives.The Wise Heart is the fruit of a life's work that includes such classics as A Path with Heart and After the Ecstasy, the Laundry. Filled with stories from Kornfield's Buddhist psychotherapy practice and portraits of remarkable teachers, it also includes a moving account of his own recovery from a violence-filled childhood. For meditators and mental health professionals, Buddhists and non-Buddhists alike, The Wise Heart offers an extraordinary journey from the roots of consciousness to the highest expression of human possibility.From the Hardcover edition. Psychology, Buddhism, Nonfiction, Religion & Spirituality"
Educational psychology,Norah Frederickson,2008.0,9301978.0,/works/OL9258334W,https://covers.openlibrary.org/b/id/9301978-M.jpg,,"Educational psychology, Pädagogische Psychologie, Schulpsychologie, Literary collections","Educational psychology Norah Frederickson  Educational psychology, Pädagogische Psychologie, Schulpsychologie, Literary collections"
Psychologische Betrachtungen,Carl Gustav Jung,1949.0,6554624.0,/works/OL95166W,https://covers.openlibrary.org/b/id/6554624-M.jpg,,"Psychology, Collected works, Addresses, essays, lectures, Psychoanalysis, Quotations, maxims, Citations, maximes, Psychologie, Psychanalyse, Quotations, maxims, Citations, maximes, Reference","Psychologische Betrachtungen Carl Gustav Jung  Psychology, Collected works, Addresses, essays, lectures, Psychoanalysis, Quotations, maxims, Citations, maximes, Psychologie, Psychanalyse, Quotations, maxims, Citations, maximes, Reference"
Essentials of psychology,Spencer A. Rathus,1986.0,4531052.0,/works/OL2035729W,https://covers.openlibrary.org/b/id/4531052-M.jpg,,"Psychology, Textbooks, Psychology textbooks, Psychologie, Humanities textbooks","Essentials of psychology Spencer A. Rathus  Psychology, Textbooks, Psychology textbooks, Psychologie, Humanities textbooks"
Laws of UX,Jon Yablonski,2020.0,13131682.0,/works/OL21665266W,https://covers.openlibrary.org/b/id/13131682-M.jpg,,Mathematics,Laws of UX Jon Yablonski  Mathematics
Forensic Psychology,"Graham M. Davies, Anthony R. Beech",2012.0,14329660.0,/works/OL21608025W,https://covers.openlibrary.org/b/id/14329660-M.jpg,,Forensic psychology,"Forensic Psychology Graham M. Davies, Anthony R. Beech  Forensic psychology"
Elizabethan psychology and Shakespeare's plays,Ruth Leila Anderson,1927.0,2878403.0,/works/OL173095W,https://covers.openlibrary.org/b/id/2878403-M.jpg,,"Histoire, Knowledge, Textbooks, Shakespeare, William, 1564-1616, Philosophy, Psychology in literature, Psychology textbooks, Psychologie, Humanities textbooks, History, Philosophie, Psychology","Elizabethan psychology and Shakespeare's plays Ruth Leila Anderson  Histoire, Knowledge, Textbooks, Shakespeare, William, 1564-1616, Philosophy, Psychology in literature, Psychology textbooks, Psychologie, Humanities textbooks, History, Philosophie, Psychology"
Psychology,Wayne Weiten,1996.0,8896260.0,/works/OL20241409W,https://covers.openlibrary.org/b/id/8896260-M.jpg,,Psychology,Psychology Wayne Weiten  Psychology
Experiments in Psychology,S.M. Mohsin,1985.0,0.0,/works/OL10224831W,,,,Experiments in Psychology S.M. Mohsin  
Evolutionary psychology,Lance Workman,2006.0,12448331.0,/works/OL8327030W,https://covers.openlibrary.org/b/id/12448331-M.jpg,"This textbook offers a comprehensive and accessible introduction to the complex but fascinating science of evolutionary psychology. By focusing on the way mind and behavior have developed and adapted to evolutionary pressures the authors show the relevance of an evolutionary approach to all areas of psychology and have created a stand-alone text that will also complement traditional courses. Not only are standard topics such as natural selection and sexual selection covered but also areas where there has been much exciting new research such as the evolution of the emotions, evolution and child development, the evolution of language and Darwinian medicine. The authors' objective perspective will be much appreciated in this often controversial area as will their engaging style and the user-friendly format. Each chapter features a preview and list of key terms, boxes highlighting case studies and the latest research, a summary and a guide to further reading.","Evolutionary psychology, Nonfiction, Psychology, Textbooks, Evolution, Evolutionstheorie, Psychologie, Evolutionspsykologi, Psychology &amp; psychiatry, Cognitive psychology","Evolutionary psychology Lance Workman This textbook offers a comprehensive and accessible introduction to the complex but fascinating science of evolutionary psychology. By focusing on the way mind and behavior have developed and adapted to evolutionary pressures the authors show the relevance of an evolutionary approach to all areas of psychology and have created a stand-alone text that will also complement traditional courses. Not only are standard topics such as natural selection and sexual selection covered but also areas where there has been much exciting new research such as the evolution of the emotions, evolution and child development, the evolution of language and Darwinian medicine. The authors' objective perspective will be much appreciated in this often controversial area as will their engaging style and the user-friendly format. Each chapter features a preview and list of key terms, boxes highlighting case studies and the latest research, a summary and a guide to further reading. Evolutionary psychology, Nonfiction, Psychology, Textbooks, Evolution, Evolutionstheorie, Psychologie, Evolutionspsykologi, Psychology &amp; psychiatry, Cognitive psychology"
The psychology of women,Margaret W. Matlin,1987.0,1274561.0,/works/OL58597W,https://covers.openlibrary.org/b/id/1274561-M.jpg,,"Psychology, Life cycle, Human, Human Life cycle, Sex differences (Psychology), Sex role, Popular works, Women, Women -- Psychology, Vrouwen, Psychologie, Femmes, Différences entre sexes (Psychologie), Rôle selon le sexe, Étapes de la vie, Women, psychology","The psychology of women Margaret W. Matlin  Psychology, Life cycle, Human, Human Life cycle, Sex differences (Psychology), Sex role, Popular works, Women, Women -- Psychology, Vrouwen, Psychologie, Femmes, Différences entre sexes (Psychologie), Rôle selon le sexe, Étapes de la vie, Women, psychology"
Forensic Psychology For Dummies,"Ian Rankin, David V. Canter",2012.0,7684845.0,/works/OL17491524W,https://covers.openlibrary.org/b/id/7684845-M.jpg,,"Forensic psychology, Administration of Criminal justice, Correctional psychology, Criminal psychology, Psychological aspects, Criminal investigation","Forensic Psychology For Dummies Ian Rankin, David V. Canter  Forensic psychology, Administration of Criminal justice, Correctional psychology, Criminal psychology, Psychological aspects, Criminal investigation"
The dissociation of a personality,Morton Prince,1905.0,1281191.0,/works/OL1137070W,https://covers.openlibrary.org/b/id/1281191-M.jpg,"Le médecin américain Morton Prince (1854-1929) doit sa réputation à ses études curieuses sur les personnalités multiples. C'est au printemps 1898 que Miss Beauchamp consulte le Dr Prince pour ses troubles neurasthéniques (maux de tête, insomnie, douleurs, fatigue, etc.) Mais alors qu'elle est sous hypnose, Prince voit les manières de la patiente changer tout à coup : une nouvelle personnalité apparaît, elle est enjouée, effrontée et impertinente. C'est dans la perspective théorique de Pierre Janet (1859-1947) que Prince va interpréter le cas Miss Beauchamp.","Case studies, Psychotherapy, Multiple personality, Personality disorders, Schizoid Personality Disorder, Psychoanalysis, Personality, Cases, clinical reports, statistics, Dissociation (psychology), Psychology, biographical methods, Dissociative Identity Disorder, Dissociative disorders, Pathological Psychology","The dissociation of a personality Morton Prince Le médecin américain Morton Prince (1854-1929) doit sa réputation à ses études curieuses sur les personnalités multiples. C'est au printemps 1898 que Miss Beauchamp consulte le Dr Prince pour ses troubles neurasthéniques (maux de tête, insomnie, douleurs, fatigue, etc.) Mais alors qu'elle est sous hypnose, Prince voit les manières de la patiente changer tout à coup : une nouvelle personnalité apparaît, elle est enjouée, effrontée et impertinente. C'est dans la perspective théorique de Pierre Janet (1859-1947) que Prince va interpréter le cas Miss Beauchamp. Case studies, Psychotherapy, Multiple personality, Personality disorders, Schizoid Personality Disorder, Psychoanalysis, Personality, Cases, clinical reports, statistics, Dissociation (psychology), Psychology, biographical methods, Dissociative Identity Disorder, Dissociative disorders, Pathological Psychology"
Color psychology and color therapy,Faber Birren,1950.0,5425465.0,/works/OL3353416W,https://covers.openlibrary.org/b/id/5425465-M.jpg,,"Color, Psychological aspects of Color, Therapeutic use, Psychological aspects, Applied Psychology, Color, psychological aspects, Color, therapeutic use, Color Therapy","Color psychology and color therapy Faber Birren  Color, Psychological aspects of Color, Therapeutic use, Psychological aspects, Applied Psychology, Color, psychological aspects, Color, therapeutic use, Color Therapy"
"Influence, New and Expanded",Robert B Cialdini PhD,2021.0,10873276.0,/works/OL24348752W,https://covers.openlibrary.org/b/id/10873276-M.jpg,,"Psychology, Influence (Psychology), Persuasion (Psychology), Compliance, Sociale bei͏̈nvloeding, Overreding, Verkooptechnieken","Influence, New and Expanded Robert B Cialdini PhD  Psychology, Influence (Psychology), Persuasion (Psychology), Compliance, Sociale bei͏̈nvloeding, Overreding, Verkooptechnieken"
Re-Visioning Psychology,James Hillman,1975.0,4471488.0,/works/OL89954W,https://covers.openlibrary.org/b/id/4471488-M.jpg,,"Psychology, Personality, Soul, Âme, Religion and Psychology, Psychologie, Ziel, Personnalité","Re-Visioning Psychology James Hillman  Psychology, Personality, Soul, Âme, Religion and Psychology, Psychologie, Ziel, Personnalité"
Psychology & Christianity,"Eric L. Johnson, David G. Myers",2010.0,6457262.0,/works/OL15297475W,https://covers.openlibrary.org/b/id/6457262-M.jpg,,"Psychology, Psychology and religion, Christianity","Psychology & Christianity Eric L. Johnson, David G. Myers  Psychology, Psychology and religion, Christianity"
Applied Psychology for Nurses,R. Sreevani,2021.0,0.0,/works/OL27816024W,,,,Applied Psychology for Nurses R. Sreevani  
The social psychology of organizations,Daniel Katz,1966.0,300382.0,/works/OL5273402W,https://covers.openlibrary.org/b/id/300382-M.jpg,,"Organizational sociology, Social psychology","The social psychology of organizations Daniel Katz  Organizational sociology, Social psychology"
Textbook of General Psychology,Girish Bala Mohanty,2003.0,0.0,/works/OL10227551W,,,,Textbook of General Psychology Girish Bala Mohanty  
Writing papers in psychology,"Ralph L. Rosnow, Mimi Rosnow",1986.0,364324.0,/works/OL1887250W,https://covers.openlibrary.org/b/id/364324-M.jpg,,"Psychology, Textbooks, Writing, Report writing, Psychology textbooks, Psychologie, Humanities textbooks, Schrijfvaardigheid, Authorship, Rapporteren, Writing & editing guides, English, Composition & Creative Writing - Academic, Psychotherapy - Counseling, Psychology & Psychiatry / Counseling, Rapports, Rédaction, Art d'écrire, Méthodologie, Autor, Textproduktion, Psychology, authorship","Writing papers in psychology Ralph L. Rosnow, Mimi Rosnow  Psychology, Textbooks, Writing, Report writing, Psychology textbooks, Psychologie, Humanities textbooks, Schrijfvaardigheid, Authorship, Rapporteren, Writing & editing guides, English, Composition & Creative Writing - Academic, Psychotherapy - Counseling, Psychology & Psychiatry / Counseling, Rapports, Rédaction, Art d'écrire, Méthodologie, Autor, Textproduktion, Psychology, authorship"
Psychology and epistemology,Jean Piaget,1970.0,7229743.0,/works/OL1303737W,https://covers.openlibrary.org/b/id/7229743-M.jpg,"The description of what Jean Piaget discovered with regard to how we as humans might learn, grow and succeed in thinking better as we grow older.","Cognition, Cognition in children, Knowledge, Theory of., Theory of Knowledge, Psychology, Learning, Philosophy","Psychology and epistemology Jean Piaget The description of what Jean Piaget discovered with regard to how we as humans might learn, grow and succeed in thinking better as we grow older. Cognition, Cognition in children, Knowledge, Theory of., Theory of Knowledge, Psychology, Learning, Philosophy"
Advances in experimental social psychology,Mark P. Zanna,1990.0,14395725.0,/works/OL19309503W,https://covers.openlibrary.org/b/id/14395725-M.jpg,,"Social psychology, Research, Social perception, Body language, Interpersonal relations, Social justice, Psychological aspects, Individual differences, Evolutionary psychology, Social influence, Self esteem, Justice, Memory, Physiological aspects, Emotions, Free will and determinism, AIDS (Disease), Prevention, Social cognition, Strategic planning, Self-perception, Resilience (Personality trait), Terror, Pscyhological aspects, Group decision-making, Prejudice, Ambivalence, Social aspects","Advances in experimental social psychology Mark P. Zanna  Social psychology, Research, Social perception, Body language, Interpersonal relations, Social justice, Psychological aspects, Individual differences, Evolutionary psychology, Social influence, Self esteem, Justice, Memory, Physiological aspects, Emotions, Free will and determinism, AIDS (Disease), Prevention, Social cognition, Strategic planning, Self-perception, Resilience (Personality trait), Terror, Pscyhological aspects, Group decision-making, Prejudice, Ambivalence, Social aspects"
Classic Case Studies in Psychology,Geoff Rolls,2005.0,2403502.0,/works/OL9465293W,https://covers.openlibrary.org/b/id/2403502-M.jpg,,"Psychology, pathological, case studies, Psychotherapy, case studies, Human behavior, Pathological Psychology, Case studies, Psychotherapy, Psychologie, Psychology, case studies, Psychopathologie, Psychotherapie, Mentally Ill Persons, Psychology, Clinical Psychology, Social Psychology, Psykopatologi, Psykoterapi, Mänskligt beteende, Behavior, Psychopathology, HEALTH & FITNESS, Diseases, General, MEDICAL, Clinical Medicine, Evidence-Based Medicine, Internal Medicine, Études de cas, PSYCHOLOGY","Classic Case Studies in Psychology Geoff Rolls  Psychology, pathological, case studies, Psychotherapy, case studies, Human behavior, Pathological Psychology, Case studies, Psychotherapy, Psychologie, Psychology, case studies, Psychopathologie, Psychotherapie, Mentally Ill Persons, Psychology, Clinical Psychology, Social Psychology, Psykopatologi, Psykoterapi, Mänskligt beteende, Behavior, Psychopathology, HEALTH & FITNESS, Diseases, General, MEDICAL, Clinical Medicine, Evidence-Based Medicine, Internal Medicine, Études de cas, PSYCHOLOGY"
Understanding Psychology,McGraw-Hill,2002.0,66649.0,/works/OL14996189W,https://covers.openlibrary.org/b/id/66649-M.jpg,,"collectionID:HSSSC, Study and teaching (Secondary), Psychology, Textbooks","Understanding Psychology McGraw-Hill  collectionID:HSSSC, Study and teaching (Secondary), Psychology, Textbooks"
Homeopathic psychology,Philip M. Bailey,1995.0,777288.0,/works/OL3750482W,https://covers.openlibrary.org/b/id/777288-M.jpg,,"Drug therapy, Homeopathic treatment, Homeopathy, Homeotherapy, Materia medicas, Mental illness, Methods, Personality disorders, Personality Disorders, Alternative & complementary medicine, Psychopathology - general & miscellaneous","Homeopathic psychology Philip M. Bailey  Drug therapy, Homeopathic treatment, Homeopathy, Homeotherapy, Materia medicas, Mental illness, Methods, Personality disorders, Personality Disorders, Alternative & complementary medicine, Psychopathology - general & miscellaneous"
Cognitive psychology,Robert J. Sternberg,2006.0,364182.0,/works/OL17738458W,https://covers.openlibrary.org/b/id/364182-M.jpg,,"Textbooks, Kognitive Psychologie, Cognitive psychology, Psychologie cognitive, 77.31 cognition, Cognitieve psychologie","Cognitive psychology Robert J. Sternberg  Textbooks, Kognitive Psychologie, Cognitive psychology, Psychologie cognitive, 77.31 cognition, Cognitieve psychologie"
Psychology of adolescence,Luella Cole,1936.0,9529865.0,/works/OL7300072W,https://covers.openlibrary.org/b/id/9529865-M.jpg,,"Adolescent psychology, Textbooks, Psychology textbooks, Psychologie, Humanities textbooks, Adolescents, Adolescence, Vocal quartets with piano, Musical settings, Choruses (Men's voices, 4 parts) with piano, Adolescent","Psychology of adolescence Luella Cole  Adolescent psychology, Textbooks, Psychology textbooks, Psychologie, Humanities textbooks, Adolescents, Adolescence, Vocal quartets with piano, Musical settings, Choruses (Men's voices, 4 parts) with piano, Adolescent"
Abnormal child and adolescent psychology,"Rita Wicks-Nelson, Allen C. Israel",2008.0,6666447.0,/works/OL3234797W,https://covers.openlibrary.org/b/id/6666447-M.jpg,,"Behavior disorders in children, Child Psychiatry, Psychoneuroses, Medical, Psychology, General, Psychology & Psychiatry / General, Psychiatry - General, Psychopathology - General, Children, counseling of, Psychology, pathological, Comportement, Troubles du, chez l'enfant, Kinderpsychotherapie, Jugendpsychotherapie, Kind, Jugend, Psychische Störung, Barnpsykologi, Barn- och ungdomspsykiatri","Abnormal child and adolescent psychology Rita Wicks-Nelson, Allen C. Israel  Behavior disorders in children, Child Psychiatry, Psychoneuroses, Medical, Psychology, General, Psychology & Psychiatry / General, Psychiatry - General, Psychopathology - General, Children, counseling of, Psychology, pathological, Comportement, Troubles du, chez l'enfant, Kinderpsychotherapie, Jugendpsychotherapie, Kind, Jugend, Psychische Störung, Barnpsykologi, Barn- och ungdomspsykiatri"
Health psychology,"Marie L. Caltabiano, Marie Caltabiano, Edward P. Sarafino",2001.0,11511086.0,/works/OL19577195W,https://covers.openlibrary.org/b/id/11511086-M.jpg,"To truly understand the interconnections between psychology and health, one must take a look at the whole person. That's why Sarafino's thoroughly updated sixth edition examines the dynamic interplay of biological, psychological, and social factors in people's health.","Health psychology, Australia, Psychology, Clinical health psychology","Health psychology Marie L. Caltabiano, Marie Caltabiano, Edward P. Sarafino To truly understand the interconnections between psychology and health, one must take a look at the whole person. That's why Sarafino's thoroughly updated sixth edition examines the dynamic interplay of biological, psychological, and social factors in people's health. Health psychology, Australia, Psychology, Clinical health psychology"
Abnormal Psychology,Ronald J. Comer,2015.0,10165400.0,/works/OL20853038W,https://covers.openlibrary.org/b/id/10165400-M.jpg,,"Psychology, pathological, Pathological Psychology, Mental Disorders, Psychology, Mental Health","Abnormal Psychology Ronald J. Comer  Psychology, pathological, Pathological Psychology, Mental Disorders, Psychology, Mental Health"
Basic psychology,Joshua R. Gerow,2012.0,12831380.0,/works/OL28589652W,https://covers.openlibrary.org/b/id/12831380-M.jpg,,"Psychology, Textbooks","Basic psychology Joshua R. Gerow  Psychology, Textbooks"
Six psychological studies,Jean Piaget,1967.0,6562983.0,/works/OL1303708W,https://covers.openlibrary.org/b/id/6562983-M.jpg,"The development of behavior and thought, the creation of logic, perception and emotion - these are the central themes.","Cognition, Addresses, essays, lectures, Psychologie génétique, Psychologie, Intelligence, Enfants, Child Psychology, Kind, Entwicklung, Intelligenz, Theory of knowledge, Kognitive Entwicklung","Six psychological studies Jean Piaget The development of behavior and thought, the creation of logic, perception and emotion - these are the central themes. Cognition, Addresses, essays, lectures, Psychologie génétique, Psychologie, Intelligence, Enfants, Child Psychology, Kind, Entwicklung, Intelligenz, Theory of knowledge, Kognitive Entwicklung"
Psychological Astrology,Karen Hamaker-Zondag,1989.0,670730.0,/works/OL2622997W,https://covers.openlibrary.org/b/id/670730-M.jpg,,"Jungian psychology, Astrology and psychology, Astrology","Psychological Astrology Karen Hamaker-Zondag  Jungian psychology, Astrology and psychology, Astrology"
Introduction to Psychology,"Rita L. Atkinson, Ernest Ropiequet Hilgard, Richard C. Atkinson",1983.0,10323958.0,/works/OL5921110W,https://covers.openlibrary.org/b/id/10323958-M.jpg,,"Psychology, Psychologie","Introduction to Psychology Rita L. Atkinson, Ernest Ropiequet Hilgard, Richard C. Atkinson  Psychology, Psychologie"
Abnormal child psychology,"Eric J. Mash, David A. Wolfe, David A Wolfe",1999.0,5310734.0,/works/OL1935734W,https://covers.openlibrary.org/b/id/5310734-M.jpg,,"Child psychiatry, Child psychopathology, Pathological Psychology, Psychology, Pathological, Abnormal psychology, Paediatric medicine, Psychiatry, Psychopathology - General, Developmental - Child, Psychology, Psychotherapy - Child & Adolescent, Social Psychology, Psychology & Psychiatry / Social Psychology, Kinderen, Psychopathologie, Ontwikkelingspsychologie, Psychiatrie, Kind, Kinderpsychiatrie, Psychische stoornissen, Psychopathology, Mental Disorders, Child, Adolescent","Abnormal child psychology Eric J. Mash, David A. Wolfe, David A Wolfe  Child psychiatry, Child psychopathology, Pathological Psychology, Psychology, Pathological, Abnormal psychology, Paediatric medicine, Psychiatry, Psychopathology - General, Developmental - Child, Psychology, Psychotherapy - Child & Adolescent, Social Psychology, Psychology & Psychiatry / Social Psychology, Kinderen, Psychopathologie, Ontwikkelingspsychologie, Psychiatrie, Kind, Kinderpsychiatrie, Psychische stoornissen, Psychopathology, Mental Disorders, Child, Adolescent"
Quantum psychology,Robert Anton Wilson,1990.0,794590.0,/works/OL1805254W,https://covers.openlibrary.org/b/id/794590-M.jpg,"Throughout human history, values and behaviors have been colored by language and the prevailing view of the universe.  With the advent of Quantum Mechanics, relativity, non-Euclidean geometries, non-Aristotelian logic and General Semantics, the scientific view of the world has changed dramatically from just a few decades ago.  Nonetheless, human thinking is still deeply rooted in the cosmology of the middle ages.  Quantum Psychology is the book to change your way of perceiving yourself--and the universe--for the 21st century. 

Review: 
""Wilson managed to reverse every mental polarity in me, as if I had been pulled through infinity.  I was astonished and delighted.""  --Philip K. Dick, author of Blade Runner","Psychology, Popular works, Psychophysiology, Quantum theory, Philosophy, Thought and thinking","Quantum psychology Robert Anton Wilson Throughout human history, values and behaviors have been colored by language and the prevailing view of the universe.  With the advent of Quantum Mechanics, relativity, non-Euclidean geometries, non-Aristotelian logic and General Semantics, the scientific view of the world has changed dramatically from just a few decades ago.  Nonetheless, human thinking is still deeply rooted in the cosmology of the middle ages.  Quantum Psychology is the book to change your way of perceiving yourself--and the universe--for the 21st century. 

Review: 
""Wilson managed to reverse every mental polarity in me, as if I had been pulled through infinity.  I was astonished and delighted.""  --Philip K. Dick, author of Blade Runner Psychology, Popular works, Psychophysiology, Quantum theory, Philosophy, Thought and thinking"
Critical thinking in psychology,"Robert J. Sternberg, Henry L. Roediger, Diane F. Halpern",2006.0,12323269.0,/works/OL19432376W,https://covers.openlibrary.org/b/id/12323269-M.jpg,"""Explores key topics in psychology, showing how they can be critically examined.""--Jacket.","Critical thinking, Psychology, Methodology","Critical thinking in psychology Robert J. Sternberg, Henry L. Roediger, Diane F. Halpern ""Explores key topics in psychology, showing how they can be critically examined.""--Jacket. Critical thinking, Psychology, Methodology"
Health psychology,Edward P. Sarafino,2011.0,6969732.0,/works/OL16281740W,https://covers.openlibrary.org/b/id/6969732-M.jpg,"""Sarafino draws from the research and theory of many disciplines in order to show psychologists how psychology and health affect each other. The new edition has been updated to include new research and data. New discussions are included on health care systems. Significant new information is also presented on prevention and intervention, especially for teens' risky behaviors. In addition, international examples are included to broaden the psychologist's view of health issues around the world and highlight what works in the field""--Provided by publisher.","Clinical health psychology, Health Behavior, Behavioral Medicine, Attitude to Health, Health behavior","Health psychology Edward P. Sarafino ""Sarafino draws from the research and theory of many disciplines in order to show psychologists how psychology and health affect each other. The new edition has been updated to include new research and data. New discussions are included on health care systems. Significant new information is also presented on prevention and intervention, especially for teens' risky behaviors. In addition, international examples are included to broaden the psychologist's view of health issues around the world and highlight what works in the field""--Provided by publisher. Clinical health psychology, Health Behavior, Behavioral Medicine, Attitude to Health, Health behavior"
Dream Psychology,Sigmund Freud,2019.0,0.0,/works/OL30251893W,,,,Dream Psychology Sigmund Freud  
Criminal psychology,Richard W. Nice,1962.0,10679308.0,/works/OL20938241W,https://covers.openlibrary.org/b/id/10679308-M.jpg,,"Psychologie criminelle, Criminal psychology","Criminal psychology Richard W. Nice  Psychologie criminelle, Criminal psychology"
The Psychology of Time Travel,Kate Mascarenhas,2018.0,10280620.0,/works/OL20913771W,https://covers.openlibrary.org/b/id/10280620-M.jpg,,"Fiction, science fiction, general","The Psychology of Time Travel Kate Mascarenhas  Fiction, science fiction, general"
Aqa Psychology a Level Paper Three,Phil Gorman,2020.0,13179677.0,/works/OL20747837W,https://covers.openlibrary.org/b/id/13179677-M.jpg,,"Psychology, Examinations, questions, A-level examinations, Study guides, Forensic psychology, Psychologie, Examens, questions, Guides de l'étudiant, Psychologie légale, PSYCHOLOGY / General, Examinations, Examens, PSYCHOLOGY, General, Education & Training, Interpersonal relations, Schizophrenia, Schizophrenic Psychology, Schizophrénie, PSYCHOLOGY / Education & Training","Aqa Psychology a Level Paper Three Phil Gorman  Psychology, Examinations, questions, A-level examinations, Study guides, Forensic psychology, Psychologie, Examens, questions, Guides de l'étudiant, Psychologie légale, PSYCHOLOGY / General, Examinations, Examens, PSYCHOLOGY, General, Education & Training, Interpersonal relations, Schizophrenia, Schizophrenic Psychology, Schizophrénie, PSYCHOLOGY / Education & Training"
Sexuality and the psychology of love,Sigmund Freud,1966.0,14345.0,/works/OL1069645W,https://covers.openlibrary.org/b/id/14345-M.jpg,"Freud's discovery of the preeminent role of sex in creating neuroses resulted in theories that changed the thinking of the world. He was a champion of greater sexual understanding in a society that only whispered the words he used out loud. This pioneering study of the nature of sexuality and love remains a monumental achievement. The importance of sexuality and infantilism in shaping individual destiny sets the general theme for these groundbreaking studies. Elaborating his now-famous frustration theory, Freud dramatically illustrates how a person's sexuality can be stifled to the point of neurosis by a sex-scared society. With utter frankness, he explains various aspects of homosexuality, incest, frigidity, impotence, masochism, sadism, and fetishism. Here is Freud at his most brilliant, raising the curtain on a new era of sexual and social awareness -- Publisher description.","Sex, Sex (Psychology), Love","Sexuality and the psychology of love Sigmund Freud Freud's discovery of the preeminent role of sex in creating neuroses resulted in theories that changed the thinking of the world. He was a champion of greater sexual understanding in a society that only whispered the words he used out loud. This pioneering study of the nature of sexuality and love remains a monumental achievement. The importance of sexuality and infantilism in shaping individual destiny sets the general theme for these groundbreaking studies. Elaborating his now-famous frustration theory, Freud dramatically illustrates how a person's sexuality can be stifled to the point of neurosis by a sex-scared society. With utter frankness, he explains various aspects of homosexuality, incest, frigidity, impotence, masochism, sadism, and fetishism. Here is Freud at his most brilliant, raising the curtain on a new era of sexual and social awareness -- Publisher description. Sex, Sex (Psychology), Love"
The investor's quotient,Jacob Bernstein,1980.0,1248636.0,/works/OL1816920W,https://covers.openlibrary.org/b/id/1248636-M.jpg,,"Psychological aspects of Investments, Investments, Psychological aspects","The investor's quotient Jacob Bernstein  Psychological aspects of Investments, Investments, Psychological aspects"
Statistics in psychology and education,Henry E. Garrett,1926.0,0.0,/works/OL9224663W,,,"Educational statistics, Psychometrics","Statistics in psychology and education Henry E. Garrett  Educational statistics, Psychometrics"
Groupthink,"Irving Lester Janis, Irving L. Janis",1982.0,255589.0,/works/OL1282011W,https://covers.openlibrary.org/b/id/255589-M.jpg,,"Policy sciences, Case studies, Foreign relations administration, Foreign relations, Watergate Affair, 1972-1974, Cas, Études de, Relations extérieures, Politische Entscheidung, Au enpolitik, Administration, Psychologische aspecten, Gruppenentscheidung, Gruppenpsychologie, Beleidsvorming, Sciences de la politique, Watergate, Affaire, 1972-1974, Groepsdenken, United states, foreign relations, 1945-1989, Psychology","Groupthink Irving Lester Janis, Irving L. Janis  Policy sciences, Case studies, Foreign relations administration, Foreign relations, Watergate Affair, 1972-1974, Cas, Études de, Relations extérieures, Politische Entscheidung, Au enpolitik, Administration, Psychologische aspecten, Gruppenentscheidung, Gruppenpsychologie, Beleidsvorming, Sciences de la politique, Watergate, Affaire, 1972-1974, Groepsdenken, United states, foreign relations, 1945-1989, Psychology"
The symbolic quest,"Edward C. Whitmont, E. C. Whitmont",1969.0,5493029.0,/works/OL3916407W,https://covers.openlibrary.org/b/id/5493029-M.jpg,,"Jungian psychology, Psychoanalysis, Symbolism (Psychology), Psicología analítica, Psychoanalytic Theory","The symbolic quest Edward C. Whitmont, E. C. Whitmont  Jungian psychology, Psychoanalysis, Symbolism (Psychology), Psicología analítica, Psychoanalytic Theory"
The psychology of fear and stress,Jeffrey Alan Gray,1971.0,8456676.0,/works/OL5278550W,https://covers.openlibrary.org/b/id/8456676-M.jpg,,"Stress (Physiology), Neuropsychology, Stress (Psychology), Psychological Stress, Social psychology, Fear, Environmental psychology, Fear.00","The psychology of fear and stress Jeffrey Alan Gray  Stress (Physiology), Neuropsychology, Stress (Psychology), Psychological Stress, Social psychology, Fear, Environmental psychology, Fear.00"
Manipulation and Dark Psychology : Manipulation and Dark Psychology,R.J. Anderson,2018.0,11287150.0,/works/OL24617070W,https://covers.openlibrary.org/b/id/11287150-M.jpg,,,Manipulation and Dark Psychology : Manipulation and Dark Psychology R.J. Anderson  
Poetry Therapy,Nicholas Mazza,1999.0,1222780.0,/works/OL8636191W,https://covers.openlibrary.org/b/id/1222780-M.jpg,,"Therapeutic use, Psychotherapy, Poetry, Psychology in literature, Poetry, history and criticism, Poetry, therapeutic use, PSYCHOLOGY / Psychotherapy / General, PSYCHOLOGY / Mental Health, Writing, Methods, Poetry as Topic, Poésie, Emploi en thérapeutique, Écriture, Writing (processes)","Poetry Therapy Nicholas Mazza  Therapeutic use, Psychotherapy, Poetry, Psychology in literature, Poetry, history and criticism, Poetry, therapeutic use, PSYCHOLOGY / Psychotherapy / General, PSYCHOLOGY / Mental Health, Writing, Methods, Poetry as Topic, Poésie, Emploi en thérapeutique, Écriture, Writing (processes)"
Introduction to work psychology,Ziel C. Bergh,2011.0,13332808.0,/works/OL16590340W,https://covers.openlibrary.org/b/id/13332808-M.jpg,,"Work environment, Psychological aspects, Industrial Psychology, Personnel management, Psychology, industrial","Introduction to work psychology Ziel C. Bergh  Work environment, Psychological aspects, Industrial Psychology, Personnel management, Psychology, industrial"
From Colonial to Liberation Psychology,Virgilio Gaspar Enriquez,1992.0,12874502.0,/works/OL1026123W,https://covers.openlibrary.org/b/id/12874502-M.jpg,,"Psychology, History, Indigenous peoples, Ethnopsychology, Philippine National characteristics, Social life and customs","From Colonial to Liberation Psychology Virgilio Gaspar Enriquez  Psychology, History, Indigenous peoples, Ethnopsychology, Philippine National characteristics, Social life and customs"
Cognitive psychology in and out of the laboratory,Kathleen M. Galotti,2003.0,8873749.0,/works/OL12489809W,https://covers.openlibrary.org/b/id/8873749-M.jpg,,"Case studies, Cognitive psychology, Cognition, Psychology, 77.31 cognition","Cognitive psychology in and out of the laboratory Kathleen M. Galotti  Case studies, Cognitive psychology, Cognition, Psychology, 77.31 cognition"
The social psychology of aggression,Barbara Krahé,2001.0,12836441.0,/works/OL16646066W,https://covers.openlibrary.org/b/id/12836441-M.jpg,,"Social psychology, Aggressiveness, Psychology &amp; psychiatry","The social psychology of aggression Barbara Krahé  Social psychology, Aggressiveness, Psychology &amp; psychiatry"
Interactive Psychology,James J. Gross,2019.0,10389699.0,/works/OL21646674W,https://covers.openlibrary.org/b/id/10389699-M.jpg,,,Interactive Psychology James J. Gross  
The psychology of judgment and decision making,Scott Plous,1993.0,55087.0,/works/OL4304697W,https://covers.openlibrary.org/b/id/55087-M.jpg,"Americans are faced with a bewildering array of choices. In this lively introduction to psychological research on how people make decisions, Scott Plous focuses on the social aspects of decision making and includes everyday examples from medicine, law, business, education, and nuclear arms control, among other areas. Intended for nonspecialists, this book highlights experimental findings rather than psychological theory and presents information in descriptive prose rather than through mathematics. A unique feature of the volume is the ""Reader Survey"" that precedes the first chapter. Readers are asked to answer questions that are taken from studies discussed later in the book. This brief (and entertaining) exercise allows readers to compare their answers with the responses people gave in the original studies and to better understand their own processes of choosing. In a comprehensive yet nontechnical presentation, Plous explores the building blocks of judgment and decision making: perception, memory, context, and question format. He contrasts historical models of decision making with recent models that take into account various biases in judgment. In addition, the author examines judgments made by and about groups and discusses common traps in judgment and decision making. Not only does he suggest ways to improve decision making, but he offers the following pledge to readers not yet familiar with research on judgment and decision making: ""By judiciously applying the results described in this book, you should be better able to avoid decision biases, errors, and traps, and you will better understand the decisions made by other people.""","Decision making, Judgment, Urteilen, Psychologie, Entscheidungsprozess, Décision, Comportement, Psychology, Cours de formation, Gestion du personnel, Prise de décision, Aspects psychologiques, Besluitvorming, Meningsvorming, Personnalité, Jugement, Decision making [mesh], Psychology [mesh], Bf448 .p56 1993, 153.8/3","The psychology of judgment and decision making Scott Plous Americans are faced with a bewildering array of choices. In this lively introduction to psychological research on how people make decisions, Scott Plous focuses on the social aspects of decision making and includes everyday examples from medicine, law, business, education, and nuclear arms control, among other areas. Intended for nonspecialists, this book highlights experimental findings rather than psychological theory and presents information in descriptive prose rather than through mathematics. A unique feature of the volume is the ""Reader Survey"" that precedes the first chapter. Readers are asked to answer questions that are taken from studies discussed later in the book. This brief (and entertaining) exercise allows readers to compare their answers with the responses people gave in the original studies and to better understand their own processes of choosing. In a comprehensive yet nontechnical presentation, Plous explores the building blocks of judgment and decision making: perception, memory, context, and question format. He contrasts historical models of decision making with recent models that take into account various biases in judgment. In addition, the author examines judgments made by and about groups and discusses common traps in judgment and decision making. Not only does he suggest ways to improve decision making, but he offers the following pledge to readers not yet familiar with research on judgment and decision making: ""By judiciously applying the results described in this book, you should be better able to avoid decision biases, errors, and traps, and you will better understand the decisions made by other people."" Decision making, Judgment, Urteilen, Psychologie, Entscheidungsprozess, Décision, Comportement, Psychology, Cours de formation, Gestion du personnel, Prise de décision, Aspects psychologiques, Besluitvorming, Meningsvorming, Personnalité, Jugement, Decision making [mesh], Psychology [mesh], Bf448 .p56 1993, 153.8/3"
Psychology and work today,Duane P. Schultz,2010.0,10312699.0,/works/OL18603925W,https://covers.openlibrary.org/b/id/10312699-M.jpg,,"Industrial Psychology, Arbeids- en organisatiepsychologie, Industrial psychology, Organisationssociologi, HRM (human resource management), Organisatiepsychologie, Organisationspsykologi, 85.08 organizational sociology and psychology, Toegepaste psychologie, Arbetspsykologi, Psychology, industrial","Psychology and work today Duane P. Schultz  Industrial Psychology, Arbeids- en organisatiepsychologie, Industrial psychology, Organisationssociologi, HRM (human resource management), Organisatiepsychologie, Organisationspsykologi, 85.08 organizational sociology and psychology, Toegepaste psychologie, Arbetspsykologi, Psychology, industrial"
Psychology for architects,David V. Canter,1974.0,5339744.0,/works/OL2501119W,https://covers.openlibrary.org/b/id/5339744-M.jpg,,"Psychological aspects of Architecture, Architecture, Psychological aspects, Architecture, psychological aspects","Psychology for architects David V. Canter  Psychological aspects of Architecture, Architecture, Psychological aspects, Architecture, psychological aspects"
Therapeutic psychology,Lawrence M. Brammer,1960.0,4453024.0,/works/OL1887474W,https://covers.openlibrary.org/b/id/4453024-M.jpg,,"Psychothérapie, Gesprekstherapie, Réalisation de soi, Zelfverwerkelijking, Counseling, Psychotherapy, Self-actualization (Psychology), Psychology, Therapeutics","Therapeutic psychology Lawrence M. Brammer  Psychothérapie, Gesprekstherapie, Réalisation de soi, Zelfverwerkelijking, Counseling, Psychotherapy, Self-actualization (Psychology), Psychology, Therapeutics"
Positive psychology,Kate Hefferon,2011.0,8708152.0,/works/OL19895838W,https://covers.openlibrary.org/b/id/8708152-M.jpg,,"Positive psychology, Psychology","Positive psychology Kate Hefferon  Positive psychology, Psychology"
The Psychology of touch,Morton A. Heller,1991.0,8479871.0,/works/OL19214237W,https://covers.openlibrary.org/b/id/8479871-M.jpg,,"Touch, Psychological aspects, Toucher, Aspect psychologique, Physiology, Psychophysiology","The Psychology of touch Morton A. Heller  Touch, Psychological aspects, Toucher, Aspect psychologique, Physiology, Psychophysiology"
Dark Psychology,Lucas Hall,2021.0,12402908.0,/works/OL26047332W,https://covers.openlibrary.org/b/id/12402908-M.jpg,,,Dark Psychology Lucas Hall  
NLP,Modern Psychology Publishing,2019.0,13640391.0,/works/OL29241684W,https://covers.openlibrary.org/b/id/13640391-M.jpg,,,NLP Modern Psychology Publishing  
The female orgasm,Seymour Fisher,1973.0,7163377.0,/works/OL3749849W,https://covers.openlibrary.org/b/id/7163377-M.jpg,,"Comportement sexuel, Female orgasm, Femmes, Orgasm, Psychologie, Psychology, Sexual behavior, Women","The female orgasm Seymour Fisher  Comportement sexuel, Female orgasm, Femmes, Orgasm, Psychologie, Psychology, Sexual behavior, Women"
Trading Psychology 2. 0,Brett N. Steenbarger,2015.0,14099917.0,/works/OL21557624W,https://covers.openlibrary.org/b/id/14099917-M.jpg,,"Stocks, Speculation, Investments, BUSINESS & ECONOMICS / Finance, Psychological aspects","Trading Psychology 2. 0 Brett N. Steenbarger  Stocks, Speculation, Investments, BUSINESS & ECONOMICS / Finance, Psychological aspects"
Contributions to analytical psychology,Carl Gustav Jung,1928.0,10691441.0,/works/OL95148W,https://covers.openlibrary.org/b/id/10691441-M.jpg,The contents of the Collective Unconscious and their relation to the Instincts,"Psychology, Psychoanalysis","Contributions to analytical psychology Carl Gustav Jung The contents of the Collective Unconscious and their relation to the Instincts Psychology, Psychoanalysis"
Massenpsychologie und Ich-Analyse,Sigmund Freud,1920.0,246527.0,/works/OL1069678W,https://covers.openlibrary.org/b/id/246527-M.jpg,buy,"great_books_of_the_western_world, Social Psychology, Psychoanalysis, Ego (Psychology), Psychology, Social, Psychanalyse, Psychologie sociale, Ego, Mass Behavior, Psychoanalytic Theory","Massenpsychologie und Ich-Analyse Sigmund Freud buy great_books_of_the_western_world, Social Psychology, Psychoanalysis, Ego (Psychology), Psychology, Social, Psychanalyse, Psychologie sociale, Ego, Mass Behavior, Psychoanalytic Theory"
"The psychology of language, thought, and instruction",John P. De Cecco,1967.0,7229744.0,/works/OL7005799W,https://covers.openlibrary.org/b/id/7229744-M.jpg,,"Educational psychology, Psycholinguistics, Textbooks, Psychology textbooks, Humanities textbooks, Linguagem (Psicologia)","The psychology of language, thought, and instruction John P. De Cecco  Educational psychology, Psycholinguistics, Textbooks, Psychology textbooks, Humanities textbooks, Linguagem (Psicologia)"
Developmental psychology,William J. Meyer,1964.0,10769311.0,/works/OL6816738W,https://covers.openlibrary.org/b/id/10769311-M.jpg,,"Genetic psychology, Child psychology, Developmental psychology, Child study, Ontwikkelingspsychologie","Developmental psychology William J. Meyer  Genetic psychology, Child psychology, Developmental psychology, Child study, Ontwikkelingspsychologie"
Aristotle's psychology,Aristotle,1882.0,14617642.0,/works/OL15747134W,https://covers.openlibrary.org/b/id/14617642-M.jpg,Tr. with introduction and notes,"Psychology, Textbooks, Psychology textbooks, Humanities textbooks, Early works to 1850, Bibliography","Aristotle's psychology Aristotle Tr. with introduction and notes Psychology, Textbooks, Psychology textbooks, Humanities textbooks, Early works to 1850, Bibliography"
Developmental psychology,"Robert M. Liebert, Rita Wicks Poulos, Gloria D. Strauss",1974.0,4455031.0,/works/OL2738470W,https://covers.openlibrary.org/b/id/4455031-M.jpg,,"Textbooks, Developmental psychology, Psychology textbooks, Humanities textbooks, Child Development, Child Psychology, Psychology, Human Development","Developmental psychology Robert M. Liebert, Rita Wicks Poulos, Gloria D. Strauss  Textbooks, Developmental psychology, Psychology textbooks, Humanities textbooks, Child Development, Child Psychology, Psychology, Human Development"
Abnormal psychology,Deborah C. Beidel,2010.0,9333479.0,/works/OL18751916W,https://covers.openlibrary.org/b/id/9333479-M.jpg,,"Pathological Psychology, Psychopathology, Mental Disorders, Psychology, pathological, Psychology, Methods, Mental illness","Abnormal psychology Deborah C. Beidel  Pathological Psychology, Psychopathology, Mental Disorders, Psychology, pathological, Psychology, Methods, Mental illness"
Communication and persuasion,Carl Iver Hovland,1953.0,9850530.0,/works/OL6447884W,https://covers.openlibrary.org/b/id/9850530-M.jpg,,"Applied Psychology, Communication, Persuasion (Rhetoric), Psychologie appliquée, Psychological aspects, Persuasion (Psychology)","Communication and persuasion Carl Iver Hovland  Applied Psychology, Communication, Persuasion (Rhetoric), Psychologie appliquée, Psychological aspects, Persuasion (Psychology)"
Handbook of Coaching Psychology,"Stephen Palmer, Alison Whybrow",2014.0,13204465.0,/works/OL21330566W,https://covers.openlibrary.org/b/id/13204465-M.jpg,,"Psychology, Personnel management, Personal coaching, Psychological Models, Psychological Techniques, Psychological Aspirations, Education, Accompagnement (Psychologie), Psychologie, Méthodes de simulation, PSYCHOLOGY, Applied Psychology, SELF-HELP, Personal Growth, General, Happiness, Success, Mental Health","Handbook of Coaching Psychology Stephen Palmer, Alison Whybrow  Psychology, Personnel management, Personal coaching, Psychological Models, Psychological Techniques, Psychological Aspirations, Education, Accompagnement (Psychologie), Psychologie, Méthodes de simulation, PSYCHOLOGY, Applied Psychology, SELF-HELP, Personal Growth, General, Happiness, Success, Mental Health"
Victimology,Harvey Wallace,2007.0,10116428.0,/works/OL18746082W,https://covers.openlibrary.org/b/id/10116428-M.jpg,,"Administration of Criminal justice, Victims of crimes, Legal status, laws, Criminal justice, administration of, Victims of crimes, legal status, laws, etc., Legal status, laws, etc","Victimology Harvey Wallace  Administration of Criminal justice, Victims of crimes, Legal status, laws, Criminal justice, administration of, Victims of crimes, legal status, laws, etc., Legal status, laws, etc"
Positive psychology,William C. Compton,2012.0,8124000.0,/works/OL16626473W,https://covers.openlibrary.org/b/id/8124000-M.jpg,"""Topically organized, Positive Psychology: The Science of Happiness and Flourishing presents a highly engaging, up-to-date introduction to positive psychology. Authors William C. Compton and Edward Hoffman invite students to apply practices to their own lives, contexts, and experiences to ensure understanding. The text examines how positive psychology applies to stressors and health within such traditional research areas as developmental, clinical, personality, motivational, social, and behavioral psychology. Furthermore, the text offers perspectives on positive emotional states, research and theory on positive traits, coverage of positive institutions, and a look at the future of positive psychology. The Third Edition reflects significant growth in field with hundreds of new references and expanded content on topics including mindfulness, money and subjective well-being, and romantic love. ""--Back cover.

""A workbook aligned with the text (ISBN:978-1-5443-3429-5) is available to support student growth and well-being through additional opportunities for active practice.""--Back cover.","Positive psychology, Self-actualization (psychology)","Positive psychology William C. Compton ""Topically organized, Positive Psychology: The Science of Happiness and Flourishing presents a highly engaging, up-to-date introduction to positive psychology. Authors William C. Compton and Edward Hoffman invite students to apply practices to their own lives, contexts, and experiences to ensure understanding. The text examines how positive psychology applies to stressors and health within such traditional research areas as developmental, clinical, personality, motivational, social, and behavioral psychology. Furthermore, the text offers perspectives on positive emotional states, research and theory on positive traits, coverage of positive institutions, and a look at the future of positive psychology. The Third Edition reflects significant growth in field with hundreds of new references and expanded content on topics including mindfulness, money and subjective well-being, and romantic love. ""--Back cover.

""A workbook aligned with the text (ISBN:978-1-5443-3429-5) is available to support student growth and well-being through additional opportunities for active practice.""--Back cover. Positive psychology, Self-actualization (psychology)"
Psychology for living,"Karen Grover Duffy, Eastwood Atwater",2001.0,1107256.0,/works/OL3519672W,https://covers.openlibrary.org/b/id/1107256-M.jpg,,"Textbooks, Conduct of life, Adjustment (psychology), Adulthood, Interpersonal relations, Self-actualization (psychology)","Psychology for living Karen Grover Duffy, Eastwood Atwater  Textbooks, Conduct of life, Adjustment (psychology), Adulthood, Interpersonal relations, Self-actualization (psychology)"
Islamic Psychology,G. Hussein Rassool,2021.0,0.0,/works/OL25766793W,,,"Psychology, Methodology, Islam, Psychologie, Méthodologie, PSYCHOLOGY, General, Reference, Research & Methodology","Islamic Psychology G. Hussein Rassool  Psychology, Methodology, Islam, Psychologie, Méthodologie, PSYCHOLOGY, General, Reference, Research & Methodology"
The psychology of perception,"Dember, William N.",1960.0,8338281.0,/works/OL5594408W,https://covers.openlibrary.org/b/id/8338281-M.jpg,,"Perception, Visuele waarneming, Wahrnehmungspsychologie","The psychology of perception Dember, William N.  Perception, Visuele waarneming, Wahrnehmungspsychologie"
Psychology of religion,David M. Wulff,1990.0,300437.0,/works/OL3343796W,https://covers.openlibrary.org/b/id/300437-M.jpg,"An unbiased, comprehensive introduction to the psychology of religion. This book integrates clinical, theoretical, and empirical literature, as well as biographical information of the lives of significant psychologists and their works. It contains new research on meditation, the correlational study of religion, religion and mental health, object relations theory, pluralism and social constructionism.","Psychology, Religious, Textbooks, Religious Psychology, Psychology textbooks, Study and teaching, Humanities textbooks, History, Psychologie et religion, Psychology, Religion and Psychology, Religion, Étude et enseignement, Godsdienstpsychologie, Psychologie, Religious life, Psychanalyse et religion, Spirituality, Histoire, Psychologists of religion, Psychologie religieuse, Religionspsychologie, Religion et sciences humaines, Theorieën, Psychology and religion, Religion, philosophy, Psychology, religious--study and teaching--history, Bl53 .w77 1997, 200/.1/9","Psychology of religion David M. Wulff An unbiased, comprehensive introduction to the psychology of religion. This book integrates clinical, theoretical, and empirical literature, as well as biographical information of the lives of significant psychologists and their works. It contains new research on meditation, the correlational study of religion, religion and mental health, object relations theory, pluralism and social constructionism. Psychology, Religious, Textbooks, Religious Psychology, Psychology textbooks, Study and teaching, Humanities textbooks, History, Psychologie et religion, Psychology, Religion and Psychology, Religion, Étude et enseignement, Godsdienstpsychologie, Psychologie, Religious life, Psychanalyse et religion, Spirituality, Histoire, Psychologists of religion, Psychologie religieuse, Religionspsychologie, Religion et sciences humaines, Theorieën, Psychology and religion, Religion, philosophy, Psychology, religious--study and teaching--history, Bl53 .w77 1997, 200/.1/9"
